hour,0,1,2
0,0.0,4.145186743819043,9.264232008592911
1,0.0,4.376643871646502,9.013605442176871
2,0.0,4.166228300894266,9.13891872538489
3,0.0,4.155707522356654,8.97780164697458
4,0.0,4.4187269857969484,9.308986752595775
5,0.0,4.481851657022619,8.897243107769423
6,7.776911076443057,4.4082062072593375,0.322234156820623
7,7.667706708268331,4.502893214097843,0.2506265664160401
8,7.862714508580343,4.4082062072593375,0.19692087361260296
9,7.620904836193448,4.145186743819043,0.05370569280343716
10,8.166926677067082,4.250394529195161,0.0
11,7.558502340093604,3.976854287217254,0.0
12,7.675507020280811,4.039978958442925,0.0
13,7.332293291731669,3.9242503945291953,0.0
14,7.769110764430577,3.9978958442924775,0.0
15,7.4492979719188765,3.976854287217254,0.0
16,7.714508580343214,4.092582851130984,0.0
17,7.34789391575663,4.103103629668595,0.03580379520229145
18,7.542901716068642,3.945291951604419,0.3132832080200501
19,0.514820592823713,3.987375065754866,8.172216254923022
20,0.0,4.082062072593372,8.879341210168278
21,0.0,4.082062072593372,8.915145005370569
22,0.0,4.145186743819043,8.941997851772287
23,0.0,4.18726985796949,9.317937701396348
