source_row_index,numeric__hour,numeric__day_of_week,numeric__month,numeric__is_weekend,numeric__is_holiday,numeric__hour_sin,numeric__hour_cos,numeric__dow_sin,numeric__dow_cos,numeric__temp_c,numeric__rain_1h,numeric__snow_1h,numeric__clouds_all,numeric__is_raining,numeric__is_snowing,numeric__is_low_visibility,categorical__weather_main_clear,categorical__weather_main_clouds,categorical__weather_main_drizzle,categorical__weather_main_fog,categorical__weather_main_haze,categorical__weather_main_mist,categorical__weather_main_rain,categorical__weather_main_smoke,categorical__weather_main_snow,categorical__weather_main_squall,categorical__weather_main_thunderstorm
39554,590.7338296293755,188.1932479172741,-130.9121856596986,114.7828676600723,41.87798483317882,-258.3380523318095,-1331.510028071083,126.24731981692676,47.470260529142784,-177.81790673065476,2.6271118027585962,0.2579652062323325,-17.358594872812933,0.4370343229159101,0.3001675897817769,2.1233086335638407,-2.036767127465266,2.2728014663777043,0.0477724246297531,0.13357729901077328,0.0077850236328271295,2.074909084067242,0.752090692918872,0.0,1.8628969430779192,0.0,0.04342314957010454
38937,220.08776908569223,23.959702230966613,-65.77835884997991,49.49955088243836,14.329115496154749,-309.0492105455267,-2022.311652563377,-9.400326602762478,-61.38425794454388,20.496325717984018,1.9323962641101387,0.023045003481984707,-33.95261929173691,-1.434541572403765,0.03368797950011126,-2.341499026999203,-0.4963155718057368,-14.244207958411929,0.2264361087359145,-5.718166280689777,-0.6145458834038825,0.3870710232301034,1.3320062566444952,0.0,1.2923972472447551,0.0,0.0721815955592473
40638,241.37615866895814,-171.38286040662658,-52.35509501011937,-131.61670698110566,12.207362821465956,-200.97575644764433,-1473.7402377003493,-125.85236370373089,-113.21373065531908,-126.14271508594682,2.575559970903196,0.02942979447729627,-15.146177060330631,0.27247564489370074,0.03218194136258527,-10.448926818768642,-3.6416475252334557,-1.4830747898244196,0.041017634189243875,0.06637909346290878,0.06566471317384967,1.456160146768976,0.5578781994156851,0.0,-1.3290717255185256,0.0,0.06033197354039777
37186,-373.18480997978827,-531.2635439513616,29.20406383155905,-763.0830219636028,24.345645456909672,-673.9834879121622,790.7470491168677,-371.25585659448325,45.6355255184028,23.844905176761905,9.50861336301303,0.05181250110562124,-21.843774573519802,6.945181214069475,0.05206224567235432,3.06595686434755,-3.011718229834351,-4.046540664615474,0.10501056976020501,0.3005163571864243,0.6178875457000783,1.6885232841590574,2.262013465681273,0.0,1.250414744527563,0.0,-10.728372208732743
37384,251.64438814960891,-213.2478483105522,0.4280665387287585,-336.4668166645469,14.947734729198134,138.22374487141676,784.7119328544425,-160.00945048069886,13.82407149231346,-84.94979802975757,12.287603884201928,0.04330972007241181,-5.072905377628453,0.7236767681896836,0.04509225609419621,4.717782168886519,1.481545648266447,-4.993763396499188,0.07016777196219183,0.07979477482005495,2.4593856406604626,1.3905514193249975,8.314663046722954,0.0,1.1229283465674884,0.0,1.184159976190521
33682,684.5629851850377,56.01564732783668,34.96812180793755,54.17340102452769,19.574677485096217,255.47989932832272,-1486.6133047007002,39.45892928558729,-46.35679333221037,78.48136939003524,8.935126368004097,0.03925193913594784,23.94299975318598,0.8231594405356145,0.04274416128951866,0.7425718487228072,0.09870293100691727,8.305981879839178,0.22744837694997996,0.11096415606430308,0.07376445258777423,0.5135400535623542,1.3367300919449192,0.0,1.1059440771361175,0.0,0.2053083626209298
40372,-72.73597978024318,-386.4447996272998,-37.796551025647396,-619.7410196958788,23.21634925887492,-411.4661767894245,1166.8822389949069,-243.40573334323082,81.47198800507321,-187.61192074784057,3.2498129539908134,0.07216158923046904,-7.846288519231303,0.5920199808502012,0.07176786203355995,-12.844976590632111,-1.9652154908588604,-4.149342078994213,0.04761076408835135,0.27718897360416883,-6.993656556431909,2.1337996154333125,0.6893749419211472,0.0,1.3115055285302035,0.0,0.07181215066900444
36755,-55.383054189998944,105.40878056949425,-15.336706101036674,120.49183405209982,17.372168655404803,-191.9905880927848,1092.466804413385,61.34962255464085,6.425886560557769,8.491012523752042,7.747545019489516,0.07277570500480841,1.671595541508733,0.9379266885281038,0.07575340642536245,0.8782951859612869,-1.7495040586798734,-4.0897170327223975,0.08057276107256688,0.10684200981849158,0.15721122016825753,1.2683295690763885,-14.59502178228663,0.0,1.9524254107548311,0.0,0.21383152453482304
38380,192.34673246390972,186.8305668176643,27.259960622566517,100.95083503188678,41.1877348680471,-82.17910469062416,1186.3960183134834,62.41863466065903,103.60120684905023,-7.233464073697553,8.137921701830656,0.03375243354596086,-13.944354668729119,0.7751225575575242,0.04401772672615534,1.301835336163314,-1.1432276144529698,-3.3517482562925336,0.09176741499288849,0.08146359886347754,-0.02410658982509469,3.579854096222345,1.2402024378399086,0.0,-17.93657101864675,0.0,0.10652316871400541
37911,357.5150334490297,140.2149609559568,-38.69685497467238,167.43019776924115,39.901675914573914,225.19627642269307,1698.9028943604428,109.29726342769452,-24.406128937047377,88.16785453985148,8.320772832385762,0.1517923045769899,15.526997317264467,0.32503775347309155,0.17505362909557626,1.4459641114214397,2.279932232382742,-3.920354212860567,0.0877098150659876,0.19768321504618747,0.131622364653322,0.7674272871964395,1.6597972746713852,0.0,2.439110106035429,0.0,0.10598139319788628
40267,-626.3649498563453,91.9650873397439,-29.170881803510536,92.64327792256572,25.24604622863783,-60.60700265523504,-1804.0270720066162,73.95475196379114,-26.811431236379526,-124.0604790335593,2.0685174295602975,0.042743586394519396,19.945304177020006,0.3560448712875389,0.04813343002879252,0.7698547001112415,3.3365006054589856,0.3732632899494254,-0.00020723519060111373,0.11018830922815567,-0.07611117220129196,0.41621576854716097,0.37011311301348987,0.0,1.3767162418736307,0.0,0.039117849376066
38763,524.4290099867875,34.79202453070429,-70.39235390821848,38.45698678459034,18.201960790564424,-218.4874799491473,-1702.784619520079,18.529288799730725,3.944929429788679,-53.57154529538457,3.3432890465321865,0.03416877444841962,-0.6594043281700738,0.37641314919829405,0.03906927283418984,1.0307715070435848,-3.0266661327144293,75.3558611476355,0.20710114451186193,0.10076024627932685,0.005565953759428933,1.09749465239338,1.4766573526076672,0.0,1.3415510975998393,0.0,0.13433797285092156
33558,444.4294627063082,132.37918819272096,86.72222759145912,169.79024011447527,57.47455575850161,256.00830674857923,1670.9064988954842,4.540140121115195,42.11961446079104,32.506790295024615,7.7179102450857355,0.14433609797113686,20.52083842535978,2.248682207553276,0.16244256548457636,1.2598514329197408,2.8541760792739677,-3.675619169526992,0.06623219669238926,0.1586585071429467,0.20668581378074977,1.5272116053792304,1.4014997246603185,0.0,1.9080271469322199,0.0,0.2039154703038567
37826,176.49161404182698,-103.16526807500249,91.5064631640529,-235.37962340427563,15.384858131352686,-151.4678075054644,1165.9946146759908,-67.37102957405162,56.55006765423943,150.3528783150278,4.75870057103284,0.02722119822189497,10.520140786736782,0.20542493887005997,0.028990774256817675,3.6402060172828703,-2.283964405059918,-2.470689111490955,0.028154401120968477,0.10989046162171212,4.122050861707596,0.1255354214362573,-9.453518104829291,0.0,1.4608039481307207,0.0,0.12493628744092986
36766,686.0537965816808,203.66020251549617,19.858725976869895,122.90557073749409,30.62828574000117,-242.90223975232635,-1404.2207522714425,124.15571980129117,52.76592545366439,83.04212937778587,5.604345920146327,0.044055054254799275,31.208224654411744,1.1135134335901258,0.0502493231420665,1.2004727623191485,4.215415716433329,-3.1182301397395316,0.03506864805461592,0.08916314592140621,0.05354982233860608,0.8807384548080439,0.7925249978053163,0.0,0.9005560816322372,0.0,0.142204118905391
40443,199.27825985512578,266.67720068862974,-109.79579368827923,336.04881728033666,92.27267917578821,-77.92270416083454,1960.8879895352284,180.450963394404,-35.35360333494851,15.385038309546305,7.409109350273921,0.24151120927270467,53.89111227173336,0.8638779289269856,0.27877987403851756,2.4847339653085823,-0.5863043341762837,23.49937266386039,0.06689271396886334,1.112511362748653,0.19665458203254943,1.2854202225590077,1.2128985069180058,0.0,8.273083589794819,0.0,0.023310895573455552
36597,-623.3385437105746,-21.03613387125185,14.265771823892306,-99.72763743652077,7.890635557603912,81.29143518059944,-1392.8773265269583,-7.770901089124855,-0.4579943967866426,44.79744556578947,4.31457533366691,0.029430533853825314,-6.715900462565372,1.1156723670426338,0.03340934533265336,-0.8923035784708073,-4.022618902245498,0.9644384317787192,0.05481227311955218,0.033122562867296215,0.24474354464903983,-2.360384472399094,0.2868465644594316,0.0,0.530426303180056,0.0,0.11064676303583833
39524,169.13680474483917,279.91747129719283,-348.22542625835206,309.0875591101343,93.95989121441512,-108.34427217966945,1787.4969133105972,190.32327788461296,21.622980033961163,-20.427354894371792,8.235020287396093,5.414129558385579,41.28110149963843,2.1859304018405488,6.21473659345399,-0.08952610393702584,-24.560261274383237,-10.29766632535553,0.07111282479202898,0.3859526977822192,-0.18166925520375857,1.408326851953383,1.5176328516371367,0.0,7.201661723849073,0.0,0.03800585095160053
39338,-842.4651156937117,82.15318189323581,-26.754057151013107,70.89563966606022,21.346703324678103,-117.11650131677013,-2167.5484906478678,37.645911858322336,36.85069005415882,32.08640144659532,2.2662638929434316,0.04111509837039464,-4.910890118084983,0.17944700497780922,0.04984571475806707,0.8519371497637925,-1.2554352485458444,7.389985456212481,-0.026897287101568537,0.0913598623225147,0.015600223520600111,0.6756777710556224,0.5614048255634623,0.0,0.927790270354561,0.0,0.05816678900910043
38043,-401.05679544255094,-710.199382611893,37.430881581000456,-821.983519624114,17.612315202042424,-725.6434076425089,836.4098286668138,-520.6816662359489,-72.27253559011352,56.04771537660931,2.426625888793898,0.05072034223387785,-3.1864426612006707,0.9068915239726937,0.0523167216713457,1.9416284753305677,0.5101422828860941,17.96190213190781,-0.0681592023543453,-0.030861110695927237,0.18098131095976638,1.811384874074618,1.4253892703887758,0.0,0.8924361274483569,0.0,0.016288843913555083
38457,529.9130991603689,-135.92953722061964,-8.737814009607074,-129.2094892687806,9.140439372674575,310.7869421585674,-1326.526855348683,-119.22016104150255,-198.30267645064885,20.439807593152906,3.550375667837491,0.02462439210249312,-9.996030173220834,-0.05123480105037247,0.027622334821666296,0.9150511463585154,-4.6952358286529,-7.466570845839373,1.6615094737855771,0.059807336913350904,0.11378667315297598,0.21670757219205147,1.1397485538431527,0.0,0.8824838983405496,0.0,0.08504313309022767
38997,-852.2355137745999,87.2714652672672,-44.09687084366139,61.91717901699463,15.63719835405714,-113.10574984170611,-2115.8521739953194,16.17003172154939,44.24357367722182,-6.227336806931629,1.9900849578534974,0.04042365120826207,23.7270341544278,0.2902096982592388,0.04813575033156555,1.488801836642027,4.637487256203156,-2.7534934048847313,0.015547789337131386,0.07627262183896812,0.06097436644396623,1.3969062532717942,0.4745622231864201,0.0,0.5724602197266643,0.0,0.04847687261636686
37817,-249.62868415589764,-488.2151967423914,63.157716816880445,-744.711215007504,21.572932015458377,-558.1713293054212,1119.4223198436678,-331.66119756332944,75.39391765745701,139.7339869142948,3.393042518672491,0.07429615466353925,-12.758375454086549,0.5937352195064304,0.07855939026582494,3.6845839048517472,-3.715068519618194,-4.694093283352325,-11.306783608829418,0.41112292538491485,0.6273043603203435,1.6592654962809699,1.1995521194300853,0.0,1.25624840561537,0.0,0.0309203345296471
39133,420.5642145654072,161.5082935720785,-47.71755502430722,189.78902211916702,61.30830281218133,265.0262501945371,1866.4403439064624,140.67559107373046,-30.95003269867815,-45.80243944164705,7.715946708647088,0.217727382373717,39.374326451246915,0.7170466253854998,0.3622052589756837,3.335623413461591,1.5619367380180815,-11.299231644113286,0.17575782720206415,0.32078719797859845,0.4105548659809001,2.411434671751367,1.124902685219053,0.0,4.727638693387617,0.0,0.06972856192072542
33805,703.7386020413514,103.19676472405725,55.59868651982682,53.037078101190566,18.797044905238476,238.2206377817985,-1529.2018685973615,31.399816739599533,107.08200282202469,31.225548374223884,7.09728166167557,0.03721879308723021,-11.290931582090524,1.01246451235132,0.03973773158307866,0.9592550319821574,-0.5442859045950297,15.63945274713627,0.3444056478705648,0.09703176982409344,-0.12466232172258226,1.5292352943656522,3.4340710661048424,0.0,1.2562687358919944,0.0,0.09881049100056638
36701,-59.9477841541698,37.74256820920056,6.492535313829672,115.80403908682091,14.439564874227308,-195.79837183260952,1081.239424925818,46.00549790168174,-90.47514840970823,50.84181590059924,6.395474116631464,0.0651597377067801,12.87614237374163,1.33320680773069,0.06823406527655841,1.4901303654090687,-0.7345712015077753,15.439582118506301,0.052736370527051706,0.09955268978940802,0.15745239635870517,1.3598790099366072,2.168075296388465,0.0,1.6083723210058407,0.0,0.9354112641203183
39783,665.2796025689231,101.25538931551877,-146.2018295728292,51.443990249393195,18.441812973636598,201.70095054824165,-1472.8107544214995,21.622083014251828,179.12023566713563,-47.883217656706215,3.4765287848735866,0.29856826186817365,-28.314552163158226,0.48490227400729297,0.30796451253067064,2.399616536999552,-3.022434526199176,-9.082157370993627,0.023940668243486188,0.3007967785684594,-0.28920333718088187,6.476085975529089,1.3678816936981353,0.0,-12.154081189507842,0.0,0.06710067011280754
40359,827.1256487119197,123.85509977292034,-43.94901911809088,58.61160240460677,17.295989274457153,376.6470827002643,-1284.552820278775,35.61905523267902,182.618970297258,-222.67118450445503,3.5223401522644395,0.03783934028534911,-0.2703054284761585,1.1379005278776921,0.03878466703545768,10.09747757644797,-3.2015426088144836,10.635030597499647,0.11514409049335911,0.21847374789168944,0.11031719422892215,3.885395944937864,0.825847638341409,0.0,1.8518487350872188,0.0,0.05150669256474411
37726,-898.9057923696998,71.48879629435318,-13.766102828999463,60.63711275485333,16.79919808857044,-126.26221314388584,-2182.2492363980373,22.469197980665772,42.15542276908596,32.74366311723495,2.4581753454093453,0.04237347094957682,19.10584252063153,0.28165185021555217,0.04947378707542784,0.4748005016219549,2.9846027671729147,-2.4843758453471567,-0.007960530865003533,0.08696141991014082,0.003030092737869502,0.39647075329729575,0.5799368638215598,0.0,0.673320861641714,0.0,0.06464313849514065
35226,526.5885367099236,-32.80121869646424,11.696478546997634,42.48130343238763,17.182349013810793,-181.4069070266187,-1678.2923636885203,-20.798660922701778,-113.08256644326985,99.36159401964105,5.382569715465546,0.03569343250515565,20.329282845437735,0.7895527801893444,0.03808436500304609,0.6466625217023426,-0.33215325612658375,16.51909952519982,-0.3142346622607383,0.08411605746600721,0.09308542639109701,0.37512246573697017,1.3205226978116464,0.0,0.6876369320910336,0.0,0.2959858311663372
39004,83.63019953460365,124.35587563040974,-271.32397205440503,231.94713449523047,60.60720780295041,-204.10412814762415,1614.8090957766342,-33.42374323682527,43.17355758925891,-8.813880677837409,3.8772905210152677,0.13687566228465445,-104.67462823871382,0.5083669009296842,0.153750208547159,-10.827433661081932,-2.142522663711128,-5.919858763405169,0.04484544459537345,0.09104771784561565,0.11850339055414989,-37.149260732604716,1.3430766067785085,0.0,1.8618114623037179,0.0,0.03638134111458727
37276,158.98875041744225,151.5603595513072,11.406944978866875,182.9405525997528,54.643503806157284,-142.98865421197183,1311.4786284263284,121.6267330559829,-27.599544651060253,79.30863257150028,3.4605389687662758,0.04677358982443157,11.401632807438595,-0.4644686838811821,0.05185652497300465,-7.446026696366195,-0.5085434090025631,-3.7167759036133745,-0.08618145517068242,0.2501488026574605,0.3303168498484309,-4.314378909723738,0.824851471944924,0.0,2.9002991849687225,0.0,-0.018776797103822185
37303,140.8802574720572,99.8485551143373,-4.00563906238391,100.63016592366561,44.82186101957284,-156.08747174397712,905.3770995909534,48.52843182790861,17.47873616419392,31.019094750074476,2.2420824863338176,0.04051567535449975,-35.842469434675486,0.9419559070703352,0.04493287258077309,0.21706581135038272,-1.2626978952587942,8.373047625695127,0.7395488860116461,0.11959065499687156,0.199122099617774,0.5810524024182234,1.769023720916752,0.0,2.1459160759348928,0.0,0.10742768695833009
34325,-22.178343851340124,115.0360322339713,55.68704757884769,122.63454435366125,45.60176601089106,-175.37927674805323,1135.566595446616,65.25857993699171,25.376200430860827,54.118708984951255,8.476684279535714,0.07459275417765605,1.461123431879293,1.2851667495331947,0.07583128793340504,1.0387425164327533,1.0257338487569596,4.381714257055377,0.1819829172510906,0.1482265743785514,0.25054791848928304,1.259839853637554,1.361276027063677,0.0,1.7941332543822097,0.0,0.3250999129491495
33905,548.9401149395673,-136.81648943687924,62.79091631053128,-132.14167090624062,10.313436505805981,320.44133838156785,-1297.530299761451,-129.0468409731434,-204.9152514881562,8.81673008927768,5.308214386888805,0.026313194444348372,-21.64821360912432,0.3770122179480347,0.028463829177906134,0.7785572018953232,-4.488041488305098,-7.476544858264555,-0.4125660477296661,0.05878493933382751,0.062273532399599624,0.6737061973544913,1.6982583991606495,0.0,0.8066635485148723,0.0,0.08288619533151612
39638,422.0281909090746,-470.7977749548341,-333.31513547587724,-470.783303750094,19.916650765985295,308.4110880154465,946.1426291298246,-349.7070729192258,-129.6799047334517,-359.23780993534956,5.212293701334022,0.17287222218376969,-157.31471896129906,0.23919232620560493,0.18956327980597482,11.525557777651418,-1.2436748080289304,35.93186502358803,0.1336006977405984,0.5782107711839278,0.828142082282024,4.944651524840534,1.275775799738717,0.0,1.946630442717786,0.0,0.1003165326907622
36153,438.0876370306495,118.33009396262324,-5.635357967649423,165.70922574065997,32.58435583647911,262.9332342617963,1661.9305110390944,-11.425533292054117,39.406808607752424,41.54834710578777,6.477216891403767,0.14417348722341125,-19.393944163869435,0.9018733238998723,0.16111139350267784,1.3054355661902473,-0.8796554421638448,6.773081310420505,0.05391078924090181,0.12504759707129456,0.4575575016099495,1.037963630668134,2.4692366915294928,0.0,1.961556034800438,0.0,0.23206010526532636
37037,509.3279705756206,-395.07475021179994,59.89360474557966,-467.53098176873954,19.450524763873887,404.8774230705711,1167.0679542459072,-312.51738053302086,-49.43204747608745,1.5419152279919557,8.174417248888817,0.0740208961213673,-14.902258555235143,0.7161028093947213,0.0823431205467602,3.434853128022038,-1.919011034910542,-10.98946286597445,-0.07675278486925738,0.05699440911114431,0.832558702848782,0.9925023620161647,0.785136147630448,0.0,0.8001130840566113,0.0,0.1899796634881663
37161,230.12548579615728,265.80648110938984,-2.039409576923909,312.9784621820611,73.28789653381921,-54.1455987799977,1830.443244944,118.21785172128406,45.693356270436304,38.63510071672533,7.422601780949418,0.1449961629301271,17.736340397005485,1.059771745225542,0.15507281529176617,1.7511921426263986,-3.227660863682425,-2.371490035439464,0.08388071296532143,0.21669551852661928,0.11442216984409899,1.9752714319104632,2.2328189564279395,0.0,1.5100393061644495,0.0,0.08711400359904962
33954,434.7076896871559,109.11310030540686,90.9833743189897,139.48795290211788,57.42129622535254,270.6429196515881,1400.6914759654123,68.71028866274224,-30.31525837476053,110.52619914238835,7.37015118589423,0.04748369481744207,-24.296939857197334,0.2769857447110252,0.05438952699598734,1.9582678975010361,-0.5382728350322307,-2.814927058138553,-0.08404231104801292,1.3569623131628876,0.13896629431242694,0.5814921780828634,-4.257811133333606,0.0,2.5767023813295427,0.0,0.12419345047277384
35707,-892.1685229059512,80.45879559651948,-9.05231632668528,72.17715539956356,22.17893180199325,-117.25556106884592,-2140.123939923043,40.44905413100562,34.1307294750741,34.24079066065628,2.4946006774189624,0.04411480344763385,17.214417424084417,0.25209938947641247,0.05054521808176272,-2.726722647197834,-0.6258038201413437,-1.528281350552238,-0.030365222151713337,0.06957826721566396,0.07052235617770727,-2.306874331818152,0.2766510140146021,0.0,0.712467514573749,0.0,0.08658007641530689
35720,452.8807142011564,186.74403078280167,-52.58622966229382,198.1051268003591,71.08979035680755,281.90042942957746,1777.1305502178868,142.47437224452318,36.5037252027528,48.98004529860915,11.734541201536489,0.16199184614238096,1.2874854557327433,0.8572643089716242,0.1805757895470998,1.154617699405849,-0.04541592066321218,5.287476260004498,0.17117949285160894,0.1533399170437957,0.6773662354428694,0.6904565747946347,0.8918502696927503,0.0,1.3688577318372137,0.0,0.28355534715268854
34139,-554.3763135640168,10.25737592146426,43.546174071393665,33.60559347512417,16.986617161813562,-13.134251258225117,-2195.5659501089663,4.561036085776313,-0.40391954726735735,25.00064515397034,3.153619445220451,0.042157000180978274,25.00414106318168,0.7922088596796212,0.050100324506582763,0.4271328488973871,3.8818927298188135,-2.4948196955013744,-0.05302750757666236,0.13186493694586435,0.0018443707348717632,0.36263780585677946,0.3871142787846191,0.0,0.5358516597772957,0.0,0.045880897338658994
38283,-25.886346737550674,90.22373339898745,9.177593556918836,117.98906004288845,30.46292358910396,-172.72011913692856,1181.2615729462257,55.00377391627249,-27.274210363637852,80.32435418567773,6.43287002867256,0.06907014130619904,11.993525346858345,0.5592502885588281,0.07429505088177918,1.2641574870945032,-0.6404715036802657,8.368137333513301,0.025620919357159804,0.1232370048709349,0.08924446280104704,1.7048218200218095,3.648014450277561,0.0,2.163947572469331,0.0,0.2824096127695039
34943,722.8181119845416,71.89794295967856,86.24036420772437,56.10144909932386,19.64825363306188,257.8724664431535,-1462.1435506510122,37.53612438814514,94.62189180251737,73.34781166506895,7.561208952378015,0.039451347944418846,-13.90121517112303,0.5888819426912365,0.04272426708432408,1.1024107897870588,-0.9322036279759985,-5.63299011557279,0.6992932104941131,0.09504936573120153,-0.011603277152515027,1.3512508625954343,0.8589348214181903,0.0,0.9619498641722422,0.0,-1.8647544898291375
38075,367.50210212227745,29.879697527719408,-49.75988301657626,105.95867070592057,22.863677618010485,96.99340395233962,1212.3536843600455,27.142854395102553,-77.87080135193509,49.56788423515768,4.7031842183504935,0.03865941502916802,18.870787206618814,0.27041742842542343,0.044445993427668945,0.7768841941169871,0.24535193370955866,14.839329815858012,0.07691505558939529,0.24301258160444478,-0.02834993379071302,0.43497179317326207,2.0342646904780266,0.0,2.607310388449181,0.0,0.12030770390750752
37155,-795.7566875882362,84.19091476911356,-20.500928904024118,53.8133973280913,15.070796971561835,-91.27659736535567,-2175.8755646368104,16.901615511268762,47.651871996060684,35.23740830541687,2.67119498969722,0.04122925166327952,13.859087843707295,0.418232245319374,0.046323001325151596,0.5706891495903689,0.294531463159581,-1.88823498597715,0.01094198311344134,0.0648364734268866,0.10407906616508056,0.7051243654128183,0.44914773964719334,0.0,0.6288693634548237,0.0,0.07960112758405509
37692,442.6228494657495,146.76870088791938,-27.431410361011615,179.498027692834,53.7886677319171,283.47548708995225,1894.0498807405859,116.03800002320689,-26.40317145515538,80.99239623409028,11.773651979205852,0.15987961714986307,-16.735586218398662,0.6927267377285894,0.17919886246879502,1.0525902540668959,-0.3271719976559536,8.23714064137295,0.21924399216044035,0.20357601173909531,0.1623120671792349,0.9267847562405016,1.3842943921714477,0.0,2.1313069815457735,0.0,0.10625430185573402
36379,294.0114978048387,175.90766490829193,14.620378701801107,110.05773675455043,24.011146543703237,23.232905587548004,1123.2566363714502,64.36173951593527,89.00449832497434,1.0915085340843356,4.314541820086115,0.03290547993163397,-39.43041771904174,0.5399150880534268,0.04438841633036086,0.9348962116713008,-2.0340965707923626,4.533246272492183,0.27457635032496924,0.10069388468440846,0.11923688413441078,0.942512485198762,-6.175838938099146,0.0,1.351194430386227,0.0,0.1867525968873154
38774,112.45244736988954,130.3995578178258,-16.076529806992294,120.18877925973185,49.47347029142553,-176.2648746342476,942.824490882656,60.87278237400114,52.35543751556032,-77.53712340774932,7.227137237412607,0.05809085508144121,9.58509320063217,0.9109818096225983,0.07074352633725765,0.6751797488411184,-3.3522644736272134,-1.2916760237333225,0.07672645404985912,0.10056027650658138,0.1850061615729209,2.500953088364283,1.4916946799198814,0.0,-29.058518083492455,0.0,0.057290350393102624
35009,389.3864420899897,-214.3594060128758,-51.360186541777054,-315.22233494076613,16.754820384442255,171.64800861181456,1155.6152403653175,-159.4627337347756,36.384503638970074,38.54763243847555,9.24966946472257,0.020505271522387954,2.5756324335177485,1.2360405240967183,0.03128198653905114,2.359070868212049,-1.4456581382266411,-4.889090161075371,0.13004892790579858,0.018545617341625895,0.2327680274205482,0.48335190089652696,1.864537827170097,0.0,0.6807719389890486,0.0,0.42724737487244796
39696,278.80125802454984,93.330556556028,-45.554020743510414,115.49049413748507,54.17548465978883,10.984610495394037,1076.6768580042142,68.16492217592379,-41.018591175037244,-118.25989396035293,3.9736287503004344,0.3865922030428731,-38.14115605588175,0.47612574151814546,0.472906954635744,-2.104512192749677,-1.1359747816450454,14.55337176674262,0.4300074321753031,0.27749071084801774,-0.232226785002799,1.9715741792896329,1.7811374075912065,0.0,13.968693025714469,0.0,0.07394668696346336
35040,793.0565845746452,26.850636974983946,2.4616494172716785,56.702580342900795,17.756718871017387,392.73844917400515,-1302.2098605675376,15.806516818103958,-92.765034076094,106.04953762295648,4.310284455870405,0.035407602243182394,16.621882933404123,0.4835814367284493,0.03785730046497776,1.333755608780919,-2.057452779874246,10.15611101826964,0.05061637557814893,0.09769586759522465,0.15301738518465507,0.9379783513650038,1.1331840945452847,0.0,1.1140092188578354,0.0,0.4729034494280601
40508,-715.5441204205504,58.3466328276353,-12.96920114760395,53.995690190756,16.39774937182502,-96.68318753302657,-2188.9195054280563,10.157569491169133,39.58059032064739,-4.446176030539675,2.595103781834101,0.04498273345735948,-21.692998490364083,0.46183806079335615,0.05450437869085708,-0.2592649606962736,-0.6294013952133445,-4.374962131191663,0.6800519527993341,0.07811635120311945,-0.12313392916768713,0.40205407294090684,0.5259760960092915,0.0,1.030056502065229,0.0,0.04570301114438056
35131,177.1667296547365,177.84848850332548,-243.9772001071217,294.25863283724186,79.13025834198173,-78.02075512350163,1654.4481680066515,39.5254630661239,40.626406520880494,-8.975889187111695,4.63172472905441,0.14520485448895237,-12.225234264330668,0.8647016276087798,0.15528532622015653,1.4231533270188634,-79.83842207148962,0.4774310387697358,0.05930931465778282,0.20015992292968782,0.13206718798399378,0.5574878182668762,0.6953942024018175,0.0,0.7271984457440853,0.0,0.09066251990354322
37445,328.5699870076577,95.4657885467162,-42.7343819539042,158.88509478908847,53.490104281771806,201.40737351020329,1689.7982608161028,33.5470462054776,-56.83624674360317,81.65346151829183,6.31006303155635,0.13070239265507638,-32.28090396793638,0.36321296166038836,0.147198883332802,1.2199017235324585,-1.0465159772806298,8.118744022249645,0.07099726152676113,0.19822387002677205,0.11742140955268944,1.1799839441914846,2.917357712331514,0.0,1.997439617564407,0.0,0.1924378548529648
36344,145.74182107842432,159.6984884045507,9.854319013912022,171.3580581503864,39.6666808982037,-163.7549868650076,1286.6109209990418,115.17949217648382,42.35305465863579,75.62082436844108,3.3867364771736574,0.04779118891794522,-34.66381151158151,0.15865661937263129,0.05195679553788251,-5.105647016711063,0.3308953478289048,-3.4871768115467243,-0.11113576381775109,0.22441176299113894,0.26786870352165865,-4.372568186299899,0.6505836556948833,0.0,1.9246382063403553,0.0,-0.0063976054277371415
37583,219.528357308702,-221.96569573133854,-64.27482530409209,-327.2927750365565,15.127495179425846,103.22055270194022,772.6346661133923,-169.50541217483703,3.9154834580919267,-120.47690441680074,10.700450825709353,0.043622799781600344,-11.924403110931802,0.625714050365817,0.04511292987837433,3.0512710393346523,0.4592248441484635,12.733721132741259,0.10840946443799708,0.08222175787519839,0.8024083964026502,1.439353519455188,2.93017725189639,0.0,1.1478269263468979,0.0,1.2680381319675553
34457,81.76700256322724,249.79682820981455,46.76316625289641,320.23742784205143,85.35870970602934,-228.5872122639439,1626.476480567274,105.69124066655225,-47.58487733444931,85.35729286130365,10.299631759243917,0.0864754630929185,-21.57262493009967,1.8090538363610889,0.08698405385974388,-2.9527053276598076,-0.8722153537110199,-3.8959795258725376,0.07426874417672559,-6.935163356286523,0.0558045568780117,0.566984931980575,0.7981512096160888,0.0,1.555410819210781,0.0,0.11300967994872327
35973,-607.3921175171031,-283.62878107410484,14.491896009858216,-242.18412709361624,9.742773273407035,-293.2979422039182,-1303.311990792446,-212.09068783921364,-41.3046896637508,53.35357282609963,1.911524179690437,0.02879282480635922,14.401657985575726,0.42493869193577755,0.032317714688017085,0.6994382372851995,-0.005286704176076089,-2.431178364285415,0.017692964152284954,0.025793860252902708,0.09235593659187079,0.13197307978122058,0.5026091300878741,0.0,0.5404570726139998,0.0,-0.008149978889094908
39963,654.8181949640627,70.12996452367645,-128.722912708438,52.93337407039884,20.872219259909826,230.57218138090113,-1483.3869114769664,42.4260672389814,70.67300063675482,-65.70500720451808,4.053390482415927,0.3662738759136058,-19.847761419211,0.6712998231250711,0.38656058085835887,1.6843120269305087,-1.4854030732631411,2.925200276863099,0.11723531665997196,0.20951576948878683,-0.08663502307357704,2.419230758334386,1.763091139115715,0.0,0.992810275023393,0.0,0.0669060341689243
33829,465.0916764078013,-103.36286604327141,66.15418327904581,-251.47507314839987,17.314963752815515,205.77397425402052,1130.9536487564526,-75.2257820760345,45.21995510965867,76.5753584581975,13.572595093327191,0.02716587280156623,-3.7164088616517374,0.26557365409685707,0.03091712656969334,2.128840534907944,-1.4166714593909824,-1.4662320738935644,0.2064637379772908,0.12326794053395217,0.7644238489023977,0.7795480332699656,-3.1148091249719503,0.0,0.8557294105441376,0.0,0.2651489141667652
34454,667.252368865649,175.62582748437862,38.97697185153158,135.4910650814879,46.21110620161011,-180.03176179926533,-1377.9088878534362,73.15233044579428,-61.214382336820286,89.25746306120108,6.618211334706828,0.0397250296978164,18.005596658949187,0.9316157370524173,0.0454649855941204,-3.9714873077408535,-1.6730558115271101,-1.9506193129360136,0.002759560158421867,0.11333569464048535,0.03312178803699401,-2.5817736590718563,0.36921587692441404,0.0,0.7991711714345265,0.0,0.16808615543227148
39098,638.15171650951,173.14618136738108,-32.41489161449362,133.0343035122589,20.502798745857795,-149.17571271972952,-1412.7290550783694,72.30174901612065,-63.21353023776938,-55.655391058414956,2.503033001181563,0.048005423810628105,31.226377232557912,0.3286257315496407,0.060008668544147416,1.8754483576540915,4.868411546228689,-3.657441914554595,0.009126956253913543,0.1469449977634019,0.03341291460550037,2.076985990401812,0.3940847084850172,0.0,2.732428300633244,0.0,0.04782765009852071
37622,-774.229855001563,36.72550638615097,-7.72999601052781,68.52864863797878,16.487158046296123,-107.08111308108879,-2122.653835671868,13.635138543125018,-49.086228895349706,44.05368338161823,2.6577344832940177,0.0379308134640228,-17.85474832591562,0.30920645078568004,0.043485957003101726,0.5286085407121887,-1.1421461186774158,-3.5671355520268677,-0.06737786940757161,0.0809386373809494,-0.14743607471713752,0.2718402446873423,-3.2082974486734277,0.0,0.639605881393411,0.0,0.072308991586089
39110,338.16176630852135,110.20653078122719,-68.49538473004169,169.6693414607791,33.56117712114844,213.33098147528167,1719.3668185834283,49.72704699193807,-58.406364809941046,90.59100242756101,5.642348064361581,0.1265323368238962,-0.8892543994370833,0.3485152754596864,0.15221105456546577,1.69175935181687,-1.2546879520351018,11.259017646738892,0.04552497387660439,0.17341203080448364,0.1444098690676356,1.476539753542243,2.980282927749022,0.0,2.3271210500576442,0.0,0.11408929966304734
40568,32.86865068644414,191.5915671712467,-4.687907330856401,128.40993520783155,43.31552813269123,-123.46770901109278,1077.6958377887242,75.23144870188132,87.15509487437079,-197.69457883493538,9.24958761982557,0.0675420614921698,29.251113186781666,5.493714487724657,0.06465344234130144,2.906459813189174,5.535896317070272,-5.502690238895021,0.3960400374891515,0.12968259824092726,0.07105406139070675,4.821622765132344,1.5504197478160968,0.0,4.727823848150326,0.0,0.10469959248350731
38507,374.11188934555236,79.1640986794957,-8.521491083476027,110.66049145612807,44.32557214908333,102.9214952902157,1202.7815445665221,56.219208358892196,-41.05591467369005,21.283545442542263,6.197660748100545,0.10392678460485716,2.894805406307785,0.6265741601860044,0.18796866983762564,2.5942149325657526,-0.6853340351206993,17.79376422488633,0.13468257400636,0.4154448571831573,-0.48672256395439306,1.8991363953898555,4.785445888956874,0.0,4.670411448019925,0.0,0.08686235461838654
33727,-51.171640055203554,122.16697439298434,49.85649253642846,121.64629796096249,45.253689289560306,-196.0943628591455,1139.188202922515,70.79210613222857,24.877618698506488,43.40681122142006,8.372490022138914,0.07410278068854163,-24.796903753882077,0.6980986970849489,0.07490841604962876,1.0269632302208944,-0.8154429586814574,-12.199565247909787,-4.923156464092407,0.16621596802746683,0.041005324402986966,1.5664490399918856,2.1899638739571605,0.0,1.868341939774343,0.0,0.4000115979956444
38842,-554.8355707637483,-274.7150461346515,-36.649319436416775,-241.23071518061312,10.37280944784903,-254.2951067457906,-1256.4962367711844,-205.17358841346933,-35.73380203176091,-28.50115233018907,1.5370354602525382,0.03412609062149596,18.908954386761085,0.2683367310578718,0.04007390876864818,-9.425323323095403,-0.801789303934644,-3.6885114926879115,0.12760555274050667,0.0651140017532317,0.09104176558924237,-5.213633961436859,0.5643110727308388,0.0,1.0783494659290804,0.0,0.010281466456320469
37388,682.3077598702343,-31.951394160370192,-2.63092421923579,-126.77147799386607,9.857742612374176,292.5000010442372,-1191.6217786540963,-19.233697864211827,83.75353201366839,15.368975557519471,10.807826142946993,0.026287561911791508,-27.077951225224734,1.3509723736146637,0.028430027701809094,2.955280293648859,-3.104401272319372,8.934664006437561,0.07349015210315467,0.07869120624657719,0.8353700439001704,0.7904461944592611,0.2891684962694692,0.0,0.6900110596902248,0.0,0.475295147753736
34995,242.16025331798596,-254.1555773008079,-132.2332285980934,-309.87976900380147,16.48259465744616,109.71874309215667,796.3105363593772,-178.74549523130156,2.102270544220187,-196.4576042515739,12.446575634894144,0.042907601402212184,-42.475959186235706,1.1636491948376217,0.04515132824502049,6.019373195648301,-1.3323639002175143,21.985896492247356,0.04054508221702955,0.07018364885717719,2.329830464160838,1.2754512245766512,14.927844149026253,0.0,0.9867045338874946,0.0,2.038089688852086
38111,-831.91542499389,49.41500635848305,-17.287160998653363,57.018061361886545,15.904882837265944,-113.79716222824008,-2187.4049356839805,20.181720381051413,5.176351885629842,36.176632381219726,2.7166232579557534,0.04096089137182684,15.003334960163986,0.36273815976352886,0.04822325033589651,0.5595241653082758,4.623279794804723,-3.0590210897431893,0.041675070728899324,0.09005755716779555,0.03804429870682817,0.3673874657280417,0.5563286900608085,0.0,0.8865741702518645,0.0,0.08783435779549795
39955,278.9395419546169,142.20892543819903,-83.63711852777926,111.18729062863781,53.92764624296632,4.984023385814561,1094.421595071796,32.071019968725,74.59659270875338,-70.23161802727998,3.9653936764191298,0.4536744419591132,-22.404510976932645,0.34010482158305944,0.5209542369333762,-1.0394021374516027,-1.3209257907651364,-5.043868622181175,0.1616579505028437,0.17137215144491047,0.06808887554807688,1.1304551257208397,1.691370682928518,0.0,-24.47958347030196,0.0,0.07962526721953422
36046,325.02871184211847,68.67994737942057,24.815651924882435,110.21461454719206,20.815454098452413,26.22710400682404,1034.9854017267244,58.90041772855373,-39.70698056261149,50.43990106051917,7.008877304969681,0.016685833706128573,-3.27079711672071,0.5302583252475624,0.04589353603912253,0.8446855171701385,-1.291404972202777,6.616597080736299,2.084815964021385,0.1347293838279795,0.17183703222832844,0.9281148355922612,1.4707012911501793,0.0,3.2868808283743625,0.0,0.20222609107581305
34041,-728.3671009235486,-163.54344888295802,28.673003345190807,-222.91074300588028,12.824385621015578,-253.4720851718679,-1436.2825669248534,-122.12592313596883,23.620117999215637,62.65567970547834,2.5209799903812873,0.02881506858578714,15.164047781468307,0.6669387972398,0.032227785748107585,2.023226163274046,4.376269287928138,-2.9268334082825804,0.06761625783458669,0.10816824924653155,0.2011208001960171,-0.011878390364473355,0.6444581284871786,0.0,0.6455733550741017,0.0,0.05493031897917312
40624,410.5932498308722,-435.4917297296597,34.76074841778855,-489.18084988100287,20.15087695547782,326.7925856146409,1082.1836942726688,-341.45397305895983,-97.25471925003004,-354.55259662185017,5.992891734079368,0.09276731670188684,-25.662114704521414,0.6287929993805188,0.10561854350603939,-49.159809113403504,-1.412673171093935,-0.4362608873563196,0.0448831556588689,0.1514890755557947,-0.6422466102506749,-33.3635862505472,0.9396149886326588,0.0,0.8566943235170967,0.0,0.05777529691074007
35036,436.0512273676965,65.95317158343691,-62.99696680808194,147.61058975922813,48.18723012767633,280.0326372868604,1301.818595137367,61.74620717773176,-62.337517707621075,72.93206460245307,4.849851198648285,0.04325478682738192,29.258594045456952,0.40794360501460347,0.04799271723551681,1.0736427156348578,3.2612226898038577,-0.3216628220404808,0.1218823702643593,0.9632019951855548,0.36832546081044326,0.5724623379038007,0.6784076491289873,0.0,2.015146006856966,0.0,0.6511802326542592
34544,198.5935429782722,282.6262067407398,68.66401191949805,322.2533102116595,93.28246503113458,-85.37621916913719,1887.9122907798937,173.02608217959346,36.66762699006621,-8.964857438743381,12.10817022557855,0.1616122167103055,14.010443359298383,3.2951386650159296,0.17620208006527133,1.4487055759945626,-4.563584300205637,-4.181471709921407,0.08161014087533344,0.9866878900421345,0.1138412018827987,0.43940352912870145,1.0896537466965897,0.0,1.9457642532126593,0.0,0.46271336356098886
33598,-142.54714383835648,-643.4821861479383,47.67711754737443,-719.0656685713025,26.02694533085822,-498.3370711622519,1184.5414753793211,-501.56029415841294,-96.0312260183809,109.14509460145825,0.5081380912696095,0.07426724553287821,67.18446519849499,0.05202617491051449,0.08065560246496027,1.9295063179121255,9.276291415842854,3.2186220141553967,-0.040223601844099295,-0.37590568652925305,0.18181316561165428,0.9493288173343697,0.7552059858213953,0.0,0.9326895275249106,0.0,-0.053455744080057196
35896,294.60028942845827,117.42954588131619,30.761767249311262,86.39362486433811,25.199314745897752,13.308025264033779,1105.8012051920762,29.34877462228535,66.86575959214734,81.37242998322381,4.370519585254775,0.031552498948552665,-24.65192662688083,0.4787496567327401,0.046151559810282176,-3.8572885703494753,-2.4620860262457076,-1.1479459841348476,0.12813985111037896,0.11317673944388058,0.025126800193209755,-6.210183369772274,1.3039044307218732,0.0,1.3084680538934794,0.0,0.10790583382639497
36573,96.76266453698638,214.14942899241032,14.07193864787046,253.02980839809405,49.387232202998895,-194.12152367410852,1714.1726182300708,55.95132511381104,46.162387353727325,98.1492246566884,5.0658057398362555,0.14349686895669603,-24.9248267238556,0.5782822081089972,0.15315475079135898,0.6690085439062777,-1.0310995888144128,2.58115172968284,0.01177138240632503,0.10603764627794585,0.12193979407145032,0.3980877900879397,-7.291117873284219,0.0,1.7070288499228807,0.0,0.05012297261467413
38221,-582.0230244942031,-285.42213737879587,3.0740069840422684,-239.46883151956033,9.752891416234563,-283.21994962046824,-1311.9391750205225,-216.39703831444893,-46.62201785511884,36.3635620795686,1.4521926628924369,0.028141700575563852,17.703201237356716,0.3150465584201792,0.0318517466078215,1.152386496533541,1.6518744825581366,-2.4075499824915845,0.018415495734006353,0.022970122343177392,0.08589961476462835,0.21090865808752818,0.636990993714348,0.0,0.5438060007730469,0.0,-0.012713588520235927
35215,85.01808744914591,119.02530240260548,-109.36963697384813,172.36180788908942,58.871379306203885,-215.46868095192727,1090.1599863672493,-32.360036829272765,-53.902688918915004,-122.05420397885976,3.5203947438161833,0.04240919030351314,-17.56928099632112,1.342351278995078,0.04591631711187103,0.9205708401680782,-0.9965511560565414,0.5816029996923444,-0.02345551400065109,0.2411072684738233,0.21400649984386177,-0.5868929824232323,-0.27201344341996425,0.0,1.3313287963638731,0.0,0.18248460000131106
35120,698.8496797963819,98.4012579107403,-19.771884049299214,62.50864094001076,20.33704134701281,254.04514390624948,-1451.5868812015756,57.96914861157752,71.66838921211783,73.87761191363263,5.248053864942958,0.0406374534782068,18.309904687098093,0.5938210544739417,0.04295101478106084,1.2956638603640447,-3.3107833183863966,13.21065957293476,0.11577245062057698,0.07788691235489412,0.31107118887658675,0.6563797631208608,0.8472667062486406,0.0,0.8517912062764449,0.0,0.14784800587093477
34558,704.5697754173932,78.594762375102,85.4846890496535,53.41102714311072,18.330257769100008,251.29420952504287,-1526.1076610715745,43.07112911112972,110.85412565856868,66.5027993321627,6.421264347210516,0.04011676765092949,20.215077588370583,0.7098985525644317,0.04286751042270948,1.1078845736749152,1.1796617458684215,-2.518335576187052,0.16653315506448044,0.08688564086116544,0.0751747655898865,1.052303412203307,1.0740329453312987,0.0,0.9855448734549852,0.0,0.05342782023638806
35066,631.0194258441859,28.180615216965062,-35.20239180980161,32.12672186096532,-440.49456196038295,306.273831943586,-1115.1223147848546,15.72016187198627,-35.35001354033885,86.2112437815494,15.378508213721336,0.029413857712826633,-16.115784116152874,0.6409614420974886,0.03244697484624002,0.4589090525113187,-4.44946793187892,7.415560745309489,0.5840023098628463,0.06755973129729971,0.11095988666165688,0.38511625981747816,0.07740402415547852,0.0,1.0179557141902393,0.0,0.32376960484953016
34660,786.53462198522,-1.2166375528508047,41.04261665901775,50.630808512060916,17.278757643728213,377.363108417768,-1333.5482842476724,11.954298820511303,-114.15244220167223,86.14852121326932,4.4378116472196005,0.03538406542975628,14.86208255507528,0.7045321305015569,0.037721349891580574,1.5301748929065373,-3.4557216971900773,7.7991468572881,0.07656106713825747,0.10282298564578482,0.08713539460043984,0.9403957985603167,1.0861364529288378,0.0,1.0972734345182902,0.0,0.33148616258261676
38101,458.24315691616107,154.51255831988834,-33.4754103349274,202.53645660990995,48.392961983997445,294.4362894696255,1852.308197834366,131.5414951020614,-20.971251491156277,33.20305796639611,12.397146246553014,0.15889182767246185,18.188000141843016,0.9638013546716733,0.18159848290723435,1.1982614253101818,1.0052072074150782,-3.4608772913110144,0.1945149825716673,0.17305343151860728,0.17808036253399268,0.8179140033856208,1.8008558303554978,0.0,1.9024365678265514,0.0,0.17171329502962784
36802,290.8131738043337,142.50615078352027,-90.28625981807085,111.17036391481763,32.61673264443138,1.0653986176798864,1017.4683746111486,42.87126714944456,73.55475629928334,-52.52689056251358,3.566769417347897,0.037028657549967384,-16.191896239971335,0.10203771348375197,0.04412213208626245,0.9025960448989775,-2.619671682424749,-5.574249504567782,0.4990693448444642,0.10155110590478565,0.17243904765852378,1.0768469301988037,0.6790977444701448,0.0,1.3039857783047972,0.0,0.1799267558372043
40357,321.7915261658664,148.90283315017436,32.94085280342796,157.5924334976202,55.55461162408078,185.07541492908098,1488.4295741408691,-32.624360466000205,65.42930428625367,-235.3660904122934,4.74584049245376,0.1403560064762863,5.390711874583778,0.9809655021827784,0.13929583511150861,3.95863198705694,-4.04748347605212,3.3553231822310465,0.06958231193508745,0.21773069857610405,0.20882330846463412,1.5950579260165307,0.887186756124769,0.0,2.959591531634516,0.0,0.06335879280071967
36255,-831.5039381802029,61.315256093149955,12.79303735486397,72.35684764271278,17.46359799643369,-110.24978128139476,-2148.5891717623877,37.5281333245414,-21.622782514007696,62.71083073599091,3.8915690054592984,0.042989813709465315,15.818539766633847,0.48411360934940867,0.050314524198748774,-2.1756355761940265,-0.23956709434366813,-2.5928180308433464,0.010897778434101441,-4.096337625751258,-0.08187636238661129,0.3726069784286199,0.36781441407973076,0.0,1.060567578937962,0.0,0.08697505224693526
33576,214.4474870760604,-139.91430877680799,50.621525492530296,-267.30455221845904,18.672656171315552,-100.22297197926397,1139.9290517063002,-96.46770532679045,55.35644783882687,104.49231550429067,5.086949656462611,0.029525996831215585,35.362448818506785,0.7501365605870242,0.03214633390288862,8.931929119711633,19.851731776510572,-2.271721040148492,0.11604839529370514,0.10317870178400611,4.278123160589222,0.22883006789545476,1.1546753848673692,0.0,1.4317088695024327,0.0,0.13982265372740135
35366,-2.7683586854120756,-410.38336318031764,-68.7777005220394,-454.2485579534546,20.501309818177376,-396.54390644979526,1008.0416344173368,-332.5903946259522,-62.71381216685198,-22.64682905503885,3.3611898620712815,0.0310113465693853,18.56488593015541,1.166010105250731,0.03338831983521259,3.4042457181642667,2.8811056985653662,10.974174396428946,-0.6052042658039984,0.09573278317845958,0.47682796492204244,-0.47748748407253205,0.8880927965577625,0.0,0.6734215462961342,0.0,0.1136803768446163
36225,-671.0644459730534,82.52030622644286,15.18640044751941,94.30528909612808,22.387300057035834,-64.71669589538948,-1895.9393885344407,46.63131853663954,-41.19421896470591,65.69366760267698,4.159043833670228,0.03873125390927872,-20.5069463265659,0.7783575259257636,0.044663226802370636,-2.309003868770324,-0.7877685375552944,-2.4460364305695954,-0.13947082445409528,0.08630277022956284,0.005018640826878237,-2.6565451314136794,0.4448783129629,0.0,0.7633778161523843,0.0,0.11360988728830271
39840,343.08864948221185,-380.3008015507579,-228.71089696008792,-386.94159879855266,17.650193868057137,134.8229368589471,1085.2040484101665,-310.0358685194019,-107.70344138640512,-240.84835834477877,5.56696007666485,0.1602695743469369,38.01495751450615,0.3711048090344153,0.1873060486432699,-28.648853714570542,-2.0507784055266858,-12.117469804544148,0.18432275606236706,0.10996716670151274,0.6299849669907981,-36.757689973544856,0.7291856991296867,0.0,2.34055326455745,0.0,0.0879601351018444
39532,455.7921053730803,145.50653901085644,-81.40268723956719,144.62202610108812,64.99353121779944,288.45609484338627,1390.0848780793858,77.01689171730037,41.9779138296522,-43.795627767456644,4.013718508144888,0.44739561202322076,-21.709018704472907,0.4517437500681111,0.5175133130420975,1.4156977666689337,-1.0086782845378217,-5.551565776433805,0.09366516802159837,2.098284852410106,0.4790477863607447,1.478875806716962,1.1121316143354059,0.0,-30.948669737241556,0.0,0.10893645261570153
39641,246.52549494303761,-337.68193436329744,-163.6603291045118,-363.48014703858297,16.95243339652847,154.20420439612278,764.9459580469429,-266.4695580082971,-83.68957219317802,-139.95678092893402,5.423756451807728,0.30900580485388984,67.48173183325878,1.007612093745202,0.30575043409508923,5.138230919808533,11.439868200149302,-53.336659359565935,0.12097962440500606,0.0880536436561887,0.15918928793582457,8.149957906093805,1.5733811718384136,0.0,5.651093616747605,0.0,0.09167348050657091
35004,-731.2385669341517,-184.87206086698492,-6.07045547426573,-182.57952817696403,11.419824237220498,-187.34574289094402,-1447.8230898621198,-130.83491134155813,-31.579923113009894,45.57009116351846,2.852038358301185,0.029071564836331415,16.817177704284063,0.46699255917629523,0.03241135900782663,1.6513763751329467,-0.6242376109321267,-2.8307761208027262,-0.006430624262768936,-0.019968091950219154,0.14612097108926536,0.23489717699627485,-2.5166364905152707,0.0,0.4750943080524578,0.0,0.1141394813586071
37109,-827.7602445217772,59.55252826232317,-15.207878046136646,67.90170197340252,19.113321233336983,-106.70758985244636,-2156.77047647543,31.911741429793455,5.2343620553533645,27.93649635688334,2.6911911457954676,0.0424747676207014,13.860500744908245,0.04939538289232791,0.04935316433296951,0.7584400175440155,1.8682082942934055,-2.747756715984527,0.1010462244331251,0.06776728357725313,0.05358611730572785,0.3236175494280599,0.5974903396622165,0.0,1.0521834251315514,0.0,0.10362252027513078
39863,-536.5906880343097,-3.0044510469063335,-92.87358884775647,44.18051079065182,14.231375899782401,-0.19288384939727082,-2058.5449555653054,-4.325256805485266,-55.13800435182999,-37.77258751110829,2.290245152104524,0.3575442590059294,17.70657892109714,0.45115374021795196,0.40353208194273726,-4.677176466800551,-2.0093046154174696,-5.350112220244488,-0.3080698489152234,0.16474222853867798,-0.06323188449825162,-3.320241127279448,0.3482184609796013,0.0,1.492425192306518,0.0,0.04675179561693953
40441,623.8012383893911,178.80074604005756,-26.86496788049539,129.03186588142069,39.811268263361626,-142.23319297558047,-1342.954285886601,121.231535463818,-47.29934061189772,-53.66347759148638,2.702801830424106,0.05494387816264773,-31.99718738164532,0.4311166374279371,0.06458459802960023,-5.668146859211829,-1.5755313987713553,-5.765317905043406,0.03818520220831974,0.16290108804268397,-0.05629313308208599,-10.032411886633913,0.6903354978194866,0.0,3.5407112154154414,0.0,0.04256610522694244
37310,358.4395946558257,156.721334050002,-39.68096941417548,177.0916760257107,52.531542288406094,226.39149246347463,1645.9558032642965,138.25126969286242,12.563764609560959,34.212767223757616,9.114380407774673,0.15347621433101702,18.300324097246534,0.6811354791219625,0.1750824846944713,1.727075707703038,1.0464372227585688,-3.0963358089369954,0.15854460310704852,0.16246734159777854,0.3464978364036228,0.6483817627880327,1.568365348753108,0.0,2.167483935368909,0.0,0.22890055152891745
37815,-452.5770667477006,-514.3513390203592,34.26228805639307,-711.7712142624008,19.420908657809797,-770.2164963482145,786.9858139907377,-361.4338164526997,47.08699884144594,97.62078041650028,5.4892907095515975,0.05142711608048653,-29.194662943031023,4.754644231120306,0.05204690791586539,-13.699278153432989,-5.626279206203742,-5.742445444535462,0.017139710956424664,0.25480241540829934,0.5984908420400221,-13.967433644333752,1.2126668812033372,0.0,1.1040245733102803,0.0,0.09721873418893395
39007,124.33216411262208,130.29688028965148,-160.60350581863634,155.42444777870108,52.249933761203536,-175.31954030715087,1275.4959787695198,-43.731315444091784,38.75398858556001,54.62817806529559,2.587359964192843,0.04268316741752358,-73.04378408296297,0.28462362503184413,0.046786814560788675,-14.148561043371192,-1.3251428648661296,-13.574604637896336,-0.068145770276342,0.2747482559074635,0.21328715850207108,-16.563028995449862,1.1521591705569478,0.0,1.661317140068505,0.0,0.058438576171213105
35203,293.5487225414341,-129.49319423661396,18.805974083058363,-128.65021153444474,9.363595782549424,-249.84377618041952,-1517.2058444206532,-100.78128879437766,-80.6850012912429,117.8466413982787,6.813309383890087,0.026032387343955604,-5.64084993799653,1.5916397200519445,0.028590097831022687,0.677513806393178,4.151327441024413,-11.123394061723317,0.06383889019583582,0.029038876184974704,0.19367235941262506,-0.31496948068636493,-1.8317429793695668,0.0,0.39641443093763074,0.0,0.23130054693624144
33674,304.8301444459303,64.6054339910406,67.36226304682656,105.59301157605078,46.65544871055532,10.458958231710108,1018.6219423465727,55.84965166116722,-35.742398840976676,44.682256536431396,7.715959397306734,0.02513970767713917,-8.277273264642329,0.8103171723965332,0.04249646940312552,0.6648240729887118,-0.4391404008696026,5.114275417748126,1.1443273585515903,0.14897448487144474,-0.08053869593280709,0.837450268615864,1.1811445367297464,0.0,3.16509801956674,0.0,0.19090636489692484
36426,445.0894654678281,-268.0885572317924,57.718819282065375,-385.9594883856197,14.363692022607767,330.3467213720131,1072.8469325314168,-206.74394318995508,27.47855698989907,-64.53117005463189,15.640723912570861,0.07195849735886341,4.724077368016116,2.02877004774522,0.08009322576168906,6.929773822851012,-1.4447138348627357,3.787891818331289,0.15489286121230095,0.10005023440388688,5.261086836099364,1.1252713810447947,2.752642457657824,0.0,1.1021117085605252,0.0,2.0173428788043886
34006,-6.254333155834016,126.96942574818597,59.90607656056891,119.92423022934118,45.773700348767385,-159.66015167716733,1109.4947612196381,66.63376127936235,55.06522788078716,51.07912102648913,9.956692608174526,0.0746343654696252,-4.381349231448412,1.6703776692042507,0.07668858711876232,1.075301745461167,-0.6418192752384037,8.591470927371315,0.6710185205872279,0.13775281314503585,0.15101779455871717,1.3756416212927975,1.6066874838404477,0.0,1.5653722442971856,0.0,0.43613699694830016
40151,392.88115655527025,153.82317738033225,-514.3057825604875,141.7533438471296,60.60111218876038,238.80057486434183,1481.7830200402132,83.89510783649726,49.35632335441192,-277.6281499249108,5.479407614329304,2.552214680301953,-50.10088991334011,0.9117772437284642,2.7349399175147924,1.134495505447455,-1.688069041609784,-23.837887013188276,0.07133539060611073,0.1893624435846765,0.41979830939491963,3.308347865588468,1.043653807336812,0.0,-40.92673079265597,0.0,0.0750373386768346
35442,-596.0336383132286,19.480363744301673,11.159450508803952,38.909955450744896,15.611788451327223,-3.782979070648809,-2123.8280946136824,13.613056650978937,-2.0805600976283345,46.2983594879943,4.3515818475865595,0.042838914335188306,20.29653306105062,0.9330701566449965,0.05043740713414929,-1.1404648902241505,3.5407454278326567,-2.599463214399703,-0.01947021042069879,0.08794830088012054,0.06174255959245991,-1.1304165151896415,0.32177474908369974,0.0,0.8011890828943813,0.0,0.08995001435590132
36980,206.55928994840357,245.67791781337965,-33.038170454488004,305.18881293908277,65.61095664967289,-87.4943693777461,1843.295909137092,81.68341470114149,45.35853531435595,39.23495195747591,5.060395952928423,0.14465373325607464,19.053500036616985,0.7183022021637023,0.15497614492274292,2.5344656338255103,5.10717670791016,-2.5538379451575755,0.069568600184322,0.31696501671313737,0.10259495806093964,2.6726140397294857,2.283791413945317,0.0,1.6159319282106213,0.0,0.03712354870564874
39189,-643.3119762363598,82.54871882755886,-66.4367159759671,46.01851107480216,12.274446944007012,18.932445236572388,-2096.7301869610124,11.275125186789495,70.10244099765885,42.018135144451115,2.122946414178261,0.04487332776207,23.364559982297486,0.15689531398955545,0.046716724411709314,1.0771988252438374,4.634055185824029,-4.6579810409514275,-0.22563459976486086,0.0930111013178735,-0.059380884881841074,1.0354350067082003,0.5200494380978994,0.0,0.7713286712486527,0.0,0.09264567092601374
35788,216.86929960490158,-311.21698916739996,-79.76470409334084,-346.41358373113906,15.898585061611833,-32.572391717081324,1106.1450672890144,-230.32427770058376,-55.38126432496045,-57.97571741410257,6.3290187895422845,0.02851364821421619,41.6081470727652,0.5317819997982832,0.03212257296899106,2.1358374151047954,-0.2596864439096377,5.859268332561644,0.06082098046575756,0.024232095805997673,0.8436043491638728,0.5599233936984933,0.1178970029678261,0.0,0.616811941065365,0.0,0.4573730904839394
34554,370.0610883498882,172.9723925143547,65.85422423441265,184.49446577126488,65.520650568136,231.2973829970872,1602.170731230077,139.16662039453888,42.72207919089303,37.7788724151709,8.531550987202804,0.15549386296609752,17.307236914433314,1.5113026644640386,0.17597182552068424,1.659494752690423,0.6001357778580823,-2.3617644595937275,0.08910132397335968,0.2017911740026113,0.42451367358785586,0.587449454762229,0.6212417446346333,0.0,1.9333955033244525,0.0,0.15666338628428927
39201,298.7361419084348,192.84918925955722,-100.56729960198675,110.12154159978284,35.19790176186896,29.951517100845404,1168.8251771047412,63.490757082948136,100.22706934039441,57.388229955536815,3.5648213043214785,0.02209453564598956,55.292704970275466,0.12118777869892493,0.04059117467875884,1.5460551352220033,-2.9639959899076316,5.9304427483043884,0.18047590738018873,0.1088689081763291,0.22713193924925604,1.9773186786616619,-0.05676166419714263,0.0,1.5637295281434864,0.0,0.07848862600030079
34429,475.4199265080923,-346.22514369845914,72.17313618102638,-420.2222616988299,20.964847369711485,402.109926020248,1120.5201278778486,-268.0888744606228,-36.95251548278916,125.82637772805995,11.014771940500468,0.07143690005700133,-34.4518058500045,1.0935214736758514,0.07893073782791685,2.201791407983096,-1.9710580466274148,-0.058626829082921966,-0.054244360083862866,0.08678185985452425,0.1261945407874285,0.6858306014621344,0.7415935212620349,0.0,1.0460171092800268,0.0,-6.794846224324871
39689,601.738685296576,184.4319749940305,-104.16744343291352,128.03869899182493,33.628312728609586,-186.04040260089764,-1329.777606441108,143.91629837245858,-37.865222299466105,-149.74557473992942,2.735063655085647,0.2754115959738448,37.685747551966436,0.4245271774109751,0.2984561040269925,2.240156833076439,5.4371164288008105,-4.274149869595334,0.038145615649123825,0.1343877502533197,0.00024306533314848318,2.078392794456723,0.5801156588329547,0.0,3.4757536692075064,0.0,0.04546474618853644
34904,273.40566107729325,62.63762245926079,89.78032918805854,87.66416255239716,45.83616683848769,-8.81493062091382,1060.9782094109835,43.96508294143956,1.9009880197773517,30.00815497458172,6.779014432518424,0.0232519249753959,-29.031041106084636,0.6119380766449922,0.0330289768816393,0.5692356912098454,-0.8151861937187814,-1.8727728354638513,-30.871758062943183,0.1322022937676483,0.0772129249348796,0.7486498304288493,1.0714518062160499,0.0,2.3782629233337014,0.0,0.13365295555599674
36679,647.9808777662627,-144.71392891591557,46.06148581282566,-131.5124728803971,8.649471262172415,504.53686526268,-1182.2872014030884,-98.20540014416636,-52.209513406450895,106.29924685721862,14.416305280814077,0.026124237977948234,-16.78152138592427,1.5486979387157553,0.02881324564043972,1.5267349142478124,-1.3182888667931973,15.525879666387366,0.3194650903247462,0.057930789210345036,0.15886355749089384,0.5704500606105196,1.760695688746905,0.0,0.6613155089081839,0.0,0.31336570033721156
36489,498.03117154639824,-48.637811844365956,1.6186768931262718,32.724585615958006,13.006615084399256,-196.65469329686917,-1708.3875021321198,-27.048326993664737,-122.00949816776583,85.15914887382935,5.783582131188049,0.03553006855302962,-42.29921908628879,0.616312471575507,0.03768100539700941,0.7200225961636293,-3.8792597511208156,11.721545227573788,-0.37802259963217705,0.08673304033580295,0.03483085786629494,0.3305634205597758,0.19572986262498612,0.0,0.7074825903917946,0.0,0.281907703480266
34261,-827.910420282553,27.44440024183558,32.60830343685259,59.167441202185024,19.04452721417629,-110.26851838831693,-2150.003484380982,-0.25572787069474734,-44.63394952792686,53.68190454015152,3.8033924469499905,0.03895246756654952,15.538761055659236,0.6400233682460529,0.04490355464398408,0.5157068964561946,2.5546687524747305,-1.8591898211243525,0.009631115067717628,0.08608053984057824,0.030546096220109665,0.3396996311987524,0.3308705413632127,0.0,0.6926549860067166,0.0,0.10792907505784972
36238,373.0742869840546,20.282519545263238,13.733546278851575,101.54344007866874,19.807542267385834,97.55594391058288,1172.3182021308166,10.51491425794774,-103.85396315462248,42.40278789487767,5.887047432679349,0.039863022391065504,-61.51643641620772,0.2512376299466502,0.04537388493866976,0.8562952889092676,-1.3796752516148654,10.390481870937197,0.09145289904076935,0.26007968211183297,0.07069591820239789,0.44517217451524843,1.5814655371950717,0.0,2.6027920510870945,0.0,0.21056838032367284
33629,359.83046473283025,-2.6324802017584634,57.733362510210476,100.16043315641991,40.39206807256155,86.3005618942461,1178.2585934057859,10.302720389556185,-111.53732513956174,68.03136868761271,6.434554870669923,0.04041381247728468,-44.82286660854491,0.0013050886091721468,0.04478036571296476,1.7656829452286802,-1.1565950685608486,-8.557364863265024,-0.1753545182510319,0.2725178012467892,-0.10978230230673355,0.5835865309311107,0.7285295557553384,0.0,2.6419718751958525,0.0,-3.3635742265880766
40120,-813.2890100878146,80.45006701790568,-84.65895057026876,72.43199403716739,23.089868597408053,-113.17167196421435,-2005.703659966019,40.55860590015367,35.94870379781669,-93.10447884269482,2.274457274869242,0.27778320462710393,-22.7362510826426,0.3140781104427951,0.2925986743285026,-4.334747099040366,-1.4371920137336,-3.1890484109376596,-0.01997611183308746,0.09334004904514322,1.6865357406755925,0.8319546093812521,0.6378542949029062,0.0,1.2408874433058827,0.0,0.0430225824586019
36106,-871.9547700126011,77.44683445619148,12.640879210533617,70.60110427230215,15.745394319412586,-118.61334984109433,-2169.339917046571,37.005985841798015,34.39593484046067,45.499994042490094,2.6798839513691552,0.04356781148045034,7.452938118019109,0.34843090243123775,0.04996942541859623,-2.6975704055951866,-0.941554643007363,-2.3686398104077035,-0.056017422533023095,0.07683462566596154,0.03479135730261247,-2.477308636719145,0.4470888147517879,0.0,0.7713950533106091,0.0,0.07558030121207113
35399,-42.69121291110089,50.902991505540044,-6.4881465955360484,117.01882312265573,38.89868868716742,-188.56647798457377,1105.1168445274857,49.52726943116142,-69.47301282997107,59.86680832390676,5.886542108395781,0.06557302995105158,10.440626908740107,0.9481666681366888,0.06839869570554451,1.2705330496665026,-1.659471905374953,11.782941916432517,0.06160039040561539,0.0971479971739161,0.27405018581310964,1.5823552184660914,2.0801666902530545,0.0,1.5278805070055224,0.0,1.018005930373713
39895,-830.1593563478956,62.85283760760145,-53.42678599882028,73.56397331249448,23.511469763040942,-108.81559207761,-2125.515458655008,44.238885587732376,-22.713575475578203,31.673303714647968,2.6148034804679394,0.2671880215905284,9.474458132645047,0.40830763439913625,0.31357015266446975,0.7990455544216726,-1.2264401924227897,9.556280403110396,0.034777633951978346,0.06637864730904319,-0.13671423490623616,0.402100704384631,0.6597069042438454,0.0,1.47597814462302,0.0,0.04913790931498218
37656,462.24282775860047,-49.8815527373673,-73.97142371922257,31.850705880490523,14.092101867899764,-190.58867934617345,-1744.3712515990837,-23.51549397073392,-140.7768528189315,55.333845571163955,4.1875948219554076,0.034323840073032796,-27.043896244001196,0.49310850847895016,0.0360682161048862,0.5575792049807701,-4.761116300661091,-3.580244096308617,-0.6326928390895035,0.08974571618088747,0.011374701498286354,0.07903195465319342,-1.1971897900364836,0.0,0.7798244727768587,0.0,-3.6828305807975434
38555,476.1517596262768,-6.371978224209005,-125.3047608068093,32.572423112750926,18.168346328984853,-239.04747301694147,-1758.9659905319797,-7.54886216389752,-30.480439181436733,-44.36853627080238,3.517297658100572,0.030316746800234863,-44.72970052028891,0.3110601683577962,0.03315208327599226,0.16928702466938567,-9.075361610314982,-29.576346854725553,-2.919703217352959,0.09387599094644954,-0.05555429022940416,0.4740635587412172,1.555794125870745,0.0,1.3221878254935633,0.0,0.1634748265112568
39575,-851.591183644262,84.92904876192074,-70.71006742748314,61.97182603281355,21.995785833812622,-121.69403775268354,-2072.8645586524376,8.69589040278663,44.289544309600124,-20.146001460692695,2.36083845542104,0.40038133441487544,-5.05108068252827,0.42594236310286554,0.41533507999894786,0.9846011603807432,-1.2783154465610878,5.170947275713753,0.00894902226323741,0.10352362191268506,0.04875124837578114,0.7517169419193152,0.5690682315685753,0.0,0.66535170743328,0.0,0.04712570231638033
36213,233.0626772703261,-148.0292001192026,18.982534894195823,-126.47347888667596,7.846894196473921,-271.12487411561517,-1594.77924830777,-110.61123515929451,-112.18510446201806,54.634237654025455,6.659724697938913,0.025990726162458903,-70.2594950664166,1.4934124108131321,0.028543758365832037,1.150862155840439,2.092536005732434,-15.672747574649515,0.09428672846725346,0.03622160753242764,0.12296600497847121,0.057812468666719054,-0.053471659224281744,0.0,0.41688402294023214,0.0,-4.35131515520146
35912,-15.917437432634795,120.59645940912398,5.856227292262116,115.26845339890275,22.76668817043251,-164.5090252988078,1115.7116380506495,53.698465618447955,55.89667177007449,76.3833369286574,8.04517459922301,0.07429479324041381,-23.706134829073967,0.8010450615923796,0.07601718274843138,0.8321576679667475,-0.024303659600166488,14.168761806835594,0.16789607050125022,0.13702089057446673,0.11801209092275503,1.6839292146599327,1.1367348412766067,0.0,1.727196593433994,0.0,0.4622835163196754
37784,341.3486454559747,122.72753017545503,-1.3071392539844402,141.22797661416087,42.01134751436225,202.4852994990689,1469.9078861198793,-5.675607525293136,54.41877729437743,131.68372228356924,5.683645289094735,0.13696155283676176,-10.292323097261335,0.618693145733855,0.14992240309377006,2.372614579404972,-1.3240366788795626,-6.119186655702193,-0.6142993338900535,0.1543107054020571,0.1534708259405769,2.168608406765587,2.5504658392790684,0.0,1.9201712023922104,0.0,0.09461713624751052
40057,357.2730491787458,88.18126135926484,-247.4290102774892,49.07029201577349,-701.7331785914566,119.12309688560332,1048.3101456600778,26.779674565087028,15.928060354622092,-172.21272472652495,2.898018785478425,0.11917574491336876,26.49860497266635,0.35376665113088496,0.12243217248584345,-0.20912149567390004,-3.0478168477108105,23.36310269036127,0.07594460865360828,0.1525532573227794,-0.02644156255614668,0.7213068776736713,0.3662153778414677,0.0,1.3121333195299627,0.0,0.06777896476629945
34297,401.5708592448453,81.45803730373248,59.228230712190864,126.3001100449767,48.09924823590218,113.98940340883132,1204.9865795553192,61.955842900018915,-36.228648272872285,85.17539040128496,7.198724566572156,0.04440807276070536,24.978890908619018,0.42827863824204837,0.051972726626680364,0.9318953020257154,0.20655929067850337,2.8194957812771544,0.21400017856997416,0.34134830078392764,0.1332434132584935,0.5169664491021551,0.3000379270482146,0.0,4.195940954179236,0.0,0.14603192723110667
35591,462.5769091119962,-269.476309160715,-34.931452571438946,-305.83013915487777,17.517192537513548,226.67698417649368,1128.6510277784528,-180.04741965401215,-14.94499109280475,37.343959222443125,9.32887308055528,0.028812914494149452,-7.421664922942202,0.7328580108593342,0.032818869545230854,2.910898097410035,-1.3683018565987737,0.08079391992110022,0.02278822246626369,0.05019547675656494,0.6953047865211904,0.502208230874425,0.8417466322263796,0.0,0.6553296517073354,0.0,0.4489165122708915
35722,8.768240314873795,152.61455603248615,-33.078118698431254,137.55733902109097,48.4675009019495,-143.5089918163118,1102.4174172317198,88.90759500222909,61.644843115676984,60.00585731133472,8.688816341285428,0.07488812526265078,-6.034037568700627,1.3483466147474525,0.07680527482775751,1.1267456547870083,0.1284144611995256,14.03945093958744,0.3127264262213456,0.10433081445244388,0.35673842637466135,1.4392616379147336,2.138510389733225,0.0,1.532072241621991,0.0,0.40468395935402374
36994,682.2978188571209,105.1977763356584,-6.83709213935323,48.933113639274026,15.409458489746532,179.47007982027054,-1558.1970968821486,28.59124073472592,139.4213923722999,39.51404072092201,5.573378256169461,0.03735954799771339,20.080829251347026,0.3699605548755445,0.03931867725297143,1.042758490961827,2.158029389479608,-4.113121649120132,0.014366451605837528,0.08703081533566731,0.1508195602220538,0.8348686439000274,0.05798921670472278,0.0,0.8230124769884012,0.0,0.10817689906235527
35112,283.51010555212923,135.49921355564774,-42.01817495676104,136.43267668860128,48.01724627713526,2.3110980282342863,1081.1523504262625,49.52713256497123,51.73246800814755,23.53459805206751,5.56483464481825,0.04099744525790588,14.23138127684946,0.7765418058357949,0.049679053161185094,0.7400783074786154,17.86260038934067,2.904885766659941,0.4196209905918688,0.09326750630649028,0.47044057187932736,0.5392858969813732,1.5844161374181915,0.0,1.3991407853030655,0.0,0.291015350331812
36819,-696.8345851158299,-64.32312201539456,3.879446772962321,-127.39352914884535,9.954554590078105,-24.764792794018373,-1523.5267007101056,4.639918252286549,8.473306176310077,39.97606689810862,6.080956671599953,0.02851680498109346,-20.60544026894598,0.7254109898729859,0.03170111410193836,-5.105351755419159,-1.13116411274563,-3.2218809637807446,0.27112166955649963,0.0347996635149321,-7.779640697617987,0.26915749646322906,0.005798698883243155,0.0,0.6228634129812646,0.0,0.21648444447619805
40485,429.33118330155287,114.39043809363346,-8.610397983158368,130.51147070865773,63.01599318488837,261.49207167517903,1396.9846780388116,63.861429759067654,13.913868648379886,55.82637543732085,5.244950895043168,0.06400323438310862,-15.189875596041778,0.5832496591117496,0.084520951667876,-10.523406094021194,-0.47119548994597593,-6.553960288504717,-0.015343929931351497,1.1473889468503944,0.18780306885937198,-5.002047036979873,0.7575987357194759,0.0,2.5071297820933798,0.0,0.10026458882052479
38008,475.5498943166751,-169.99519695415196,53.31743104120935,-292.007077519631,15.266946593348075,338.0004134440699,1099.839035265233,-109.57385255474951,44.93797802581561,208.32184300736463,9.788777980227879,0.030205556312334545,23.143383902967933,-1.262664159833436,0.033553586949077854,2.3682624214253605,0.38916956525012536,-3.1173336883647313,-0.12187265701238151,0.30743490475091034,0.9894313379914037,0.8317011640655372,-0.8116870154680952,0.0,1.5326955412627556,0.0,0.3760277111309094
36678,794.2521352518554,-141.0803486433449,27.022032104040445,-134.34367559262918,8.62919703042077,653.5452241879684,-1019.5522221530633,-99.17833200235098,-48.19280081606725,129.69277765016338,6.57999836672136,0.025897868268723822,5.407150564751407,0.9215607266562376,0.028553359553082126,1.9138986458216207,-3.3029768124503276,-9.063669997631706,0.068143756691242,0.06196319070565381,0.36867637355213356,1.0824908888959517,-10.405400059322075,0.0,0.8925547365272409,0.0,0.1465826410969205
37560,708.3700785866381,94.41839131506526,13.408635076115692,51.97635801941622,16.562111347994833,257.08171671435224,-1492.9157215775879,25.092570951118496,104.47902072486109,43.51186572609745,5.644817333326001,0.037764665421910565,5.84754605751981,0.5533817417319643,0.03956048483099207,1.134133353028648,-2.3312769262555064,2.4948451665507685,0.05008340649074655,0.09087092206120514,0.12819799722801747,1.036793643443745,0.40530964719532414,0.0,0.8442649724645819,0.0,0.10714232877758989
36694,191.31469950020437,4.034275484460498,17.846836087379117,92.67260530545438,17.37207482708772,-83.6176022606544,927.540929365803,9.468319559783797,-112.29150517560207,39.386039248993384,8.209878537770146,0.03819270671643404,-73.21186266266626,-0.440469180634346,0.04333644444405974,0.390894636115963,0.05444974781536134,13.202656344178333,0.23493521934153788,0.10795192550553047,0.05396051457420111,0.2920791470312391,0.15747049888239353,0.0,2.2216970220381267,0.0,0.5900611229383022
38195,75.75378863417606,-224.29225141182997,41.27106843172565,-378.2095806988732,17.29886889128166,-302.42981118997375,1134.8980715400944,-162.17908954433605,54.84379074781184,122.60223267443278,4.030766070050415,0.03005809924407461,29.046086369839408,0.6315062870236978,0.03225431191665684,-40.73524907450229,-1.9621807547339918,-8.839640463581732,-0.7953366171469215,0.16299405591400692,2.68743302756329,-9.410783850743009,1.5992362237253985,0.0,2.5231593404256474,0.0,0.1374263158574063
39274,202.50088130382207,28.839786249120838,-61.85642390752172,100.48460279093476,22.19551082035357,-62.44129469890814,992.5913610570753,26.877168934082405,-92.01092458930721,49.574284779926046,5.053832510178294,0.031475732877108475,36.10396604070521,0.2078181525335418,0.039514280928035696,-0.4243612539105546,0.87191098849811,13.481015610433195,0.11290654550006239,0.0838640012948455,0.07776252397831078,0.601987254713452,0.8572796409998739,0.0,1.817827403767364,0.0,0.33611812092556453
36978,596.15388797305,156.73871160190552,5.940472958365147,115.70992535390447,35.89520393408795,-361.07499848403177,-1457.9832769057753,27.80313921319027,88.4148880267998,19.186271777907773,2.773624618318175,0.04182895528186871,10.678534344477717,0.6250974086330694,0.04646867266620987,2.155214320495037,-11.469860357752797,1.0673566449061773,0.01576428943187061,0.10480079109742542,0.05843052052808393,2.0388462971558083,0.8929206775375175,0.0,0.7922080144302386,0.0,0.04762816648832364
40174,289.73936957812276,244.90670031642568,-108.67243224468952,124.15293232357449,53.6929669627125,25.40747686741898,1231.114453591942,59.77278689249529,129.63390083549086,-132.88786615637292,3.9817290007105703,0.2512050703622653,-26.040444303478566,0.35090595922643236,0.22926970008119102,1.5324365044705517,-1.6214345945484512,-10.599629596462446,0.1374583413599054,0.14542898948838512,0.1114214017846761,1.6470201873898216,1.9728889097124582,0.0,-19.01977026952627,0.0,0.07748813391129993
39546,594.9321837565135,-2.3354369041104692,-67.76526730562173,48.564842353800955,19.064134931611544,219.37555896299827,-1552.3079323478366,-5.41808711796206,20.716265689794447,-51.35389595123334,3.9012376340516295,0.3563150173239302,-16.324032205273294,0.6668869867628098,0.38657682868569,0.23237071215289656,-2.5379448796529736,1.2070523135314972,0.11434384862949769,0.1734539256745865,-0.3218723858447538,1.3102804359720635,1.300865096773834,0.0,-15.936357792427565,0.0,0.07055821280834249
35238,209.06742750791594,284.7937157777137,-42.73965093001456,337.40738443986606,93.40968414771298,-64.96669399105286,1910.1589772462032,198.9553289034808,-24.116451930974886,68.89310174338137,11.119307509705505,0.16304141612776354,16.757163998873246,0.4686966660569917,0.18125264313798123,-5.1769327313317985,4.786975115015874,-6.773638845870683,0.050313712741786976,0.6365997722552797,0.08682179361689553,-3.366926081330254,0.8116060394487751,0.0,3.225981101922523,0.0,0.0724558670168411
35162,191.40406732902483,-188.5748024777752,-82.33784867054085,-306.4755068181271,18.629116875012446,-102.51550283294851,1055.6622881719866,-145.47463687267043,39.7796759236359,-102.54469629611552,3.035335904590348,0.029882179294465915,11.888126264852023,0.5562727888638493,0.03242839033458428,4.732980337616394,-1.3726462798566952,12.832595556534839,0.10298157564474629,0.09446269566254056,3.0614109640938603,0.5888380973311328,3.936933574579818,0.0,1.2599862010936376,0.0,0.84235285522022
40261,435.02811267537845,-49.7783549623908,-75.71396743031795,17.307804676249702,-295.2195765668877,-146.05953084523014,-1441.0614609611494,-49.33223073793588,-124.12831481989032,-226.70720393353352,1.984609503968341,0.027127784712596886,21.427587994698282,0.24578867842796046,0.02849154037667903,-2.1125380670270455,7.8570243745225214,-2.6123152411085693,-0.22760751997448928,0.08305201968135895,-0.4637707356904796,-1.2371129145803172,0.17132493412128033,0.0,-0.13602511289121028,0.0,0.07355459696552351
33760,76.19985868035388,290.3985433588767,89.78902602506659,323.15025990897146,91.31232213373046,-243.68661911543768,1650.4562775920413,190.47425826816007,38.57615590571051,122.46318532102295,11.548113523428302,0.10111107909041869,-32.15911787240964,1.3204787758098224,0.09689104401265218,0.5468785135838394,-1.4345325188194638,-4.011146433116578,-0.9320947478932626,0.3134150492301438,0.07857634983541711,1.038101669212867,1.1633705824895912,0.0,1.7904026447977686,0.0,0.05501707919180227
35042,593.7622700912978,3.0811363074081206,12.593747604121452,52.24735400642026,16.846611227956615,199.4989917405156,-1575.4907168465247,4.5854658242000745,-139.9924810842424,84.7025119976482,11.309019852334092,0.035693432505155644,15.85835319330943,0.45816638170179586,0.038084365003046086,0.6774953224549584,-2.6768064855481755,8.53839052747413,0.030948957925580778,0.0902820882275192,0.1280580029609985,0.4543563768147154,0.8640166653242054,0.0,0.8893585058865782,0.0,1.639056279406723
36508,360.3861429539547,152.61843520016606,-14.40407163850555,178.8457727210272,36.272545532036915,224.86967277017155,1670.4630722667569,132.63048936709902,-21.900340166047428,43.83095523287029,9.180996716985003,0.15693766324620906,6.569136651356062,0.5914832178100801,0.1775507542766776,1.581591688698088,-0.3499823301345446,8.511989207918644,0.09884807337855075,0.1812622122596227,0.27765336736730767,0.7004526321149132,1.962532308500883,0.0,2.3172232977079172,0.0,0.19572357381338912
39731,610.8098994193097,-0.021084174622496895,-75.92453051949028,48.97983382473501,18.903505710095285,215.03261399333965,-1547.4218034608057,-8.369168134705221,6.119708037386641,-30.19031555967707,3.668547850547402,0.3506574638923656,27.890828344109018,0.4960326393180504,0.385218420606993,0.45586318429750183,-1.9061119493836507,2.8743858015955843,0.11128253726092847,0.1770523065608334,-0.24141558876669172,1.1789386743689203,1.4384491362791727,0.0,-16.64834898474772,0.0,0.0656578875001677
34909,373.8833579242019,99.1114255740279,62.2067973372663,106.42031778495763,47.98905651796698,91.24329394635014,1182.3825367252775,56.40992203135248,16.38523481270027,39.36548761354921,9.150262679874558,0.042028565417716046,-10.304754557274714,1.0442129600232564,0.04894220889735369,0.5114015629573329,-0.5379876317650671,-0.3028911584261217,0.23829768073103644,0.2928693620385023,0.243481389214804,0.41961259696979547,-5.3277998675301514,0.0,2.9201479561373027,0.0,0.19358736471017637
34173,121.6052488153505,135.1574998365055,54.72316274939948,115.72961500036,51.7377184315697,-180.2265219159979,922.1435394803842,59.536031194961005,60.25511506236293,43.96437459748772,4.335156445720759,0.04586484559609043,34.07839304751632,0.708264651659654,0.05073399690276686,1.198964052968002,3.9033049501651846,-2.8667441274459518,0.10406479445195521,0.0946877257563797,0.26194324760198423,0.4860485524518118,2.524354244520672,0.0,1.516182893848502,0.0,0.09608054453512059
37479,234.68081241439128,70.76962730479352,-13.546706138980658,91.75210604299983,37.14666733818407,-48.99869020237734,960.3692213757073,58.89452656668524,-29.16849013720326,75.81732895160566,7.651575079342458,0.03432547743610532,-7.925633380426831,0.5896815374747786,0.041707332957688116,0.012072486084683698,-0.5439189383835318,-3.5574417206596975,-4.216723256974802,0.12717468530677906,-0.007768758315049751,0.3320001000907373,1.3248297542325627,0.0,3.2792233762142855,0.0,0.2869533391939147
37781,438.4499624212427,119.13528837235455,-17.770676009981134,151.62308742992647,44.956821264088745,267.98974049287415,1661.9247453608148,-3.113003924400463,50.45695613483873,123.9236196964546,6.096467515771434,0.14261119465635122,-20.90194712729427,0.7190090816838007,0.15988340818903712,-7.363492472813442,-1.0172836801176501,-5.822630178444015,0.036568185763362494,0.13888687422196078,0.15020252455579927,-11.104739559552515,3.2488129464180493,0.0,2.103202383643672,0.0,0.09365118751253235
36317,536.3216617668274,9.021977161899262,9.1867161028175,39.12108135516344,14.75486304387292,-218.90075173607846,-1723.0789655891524,9.110156197490998,-18.14306236682398,71.29761963227028,7.288782883305976,0.037183098484313774,-37.33212397291096,0.8671799886727399,0.04149615827268977,-5.134732483109867,-5.856984039527676,-8.741179884417388,0.3867985628995752,0.016838890009657548,-0.03095853179200211,-5.431995887733154,0.8570566974957186,0.0,0.7853345689389335,0.0,0.4215654893916698
35933,343.69824049880646,134.18591514732552,-10.482614182070032,114.36412871629774,20.46990056892836,62.50856109294109,1123.6645846893796,39.45602241994431,53.43626769711595,-64.40409912886716,5.950157199980488,0.04213038480229498,-35.88274541174353,1.5849345544189009,0.047578842013186844,1.2021464244249915,-1.036844089558908,2.3589944894192474,0.08050626369091292,0.1282014524666276,0.36805923898673687,0.7174651773592223,1.0226359574994455,0.0,1.352106839965706,0.0,0.2535226815785898
38012,431.2173870733452,-234.52226270029354,54.730189388439,-356.4846632296243,15.794275989657256,314.44143844837464,1124.9209640321076,-183.27022899950916,34.59612411105562,153.85609532908202,11.116212766846512,0.0695631950612224,-9.660812791531539,-0.9906093737089308,0.07758860697475825,2.8401021407883005,-0.6089843405264979,0.11606042771596219,0.1720894417906163,0.11677759075537573,0.8394704556945486,1.1798671776008842,-5.760267561590231,0.0,1.1664686153101371,0.0,0.27406908413163683
39199,56.26892743175118,125.98008642105562,-135.87812526409655,112.08379170609588,30.608818436436245,-229.7381888316681,954.805207682837,26.9772783044876,51.13291585684707,-22.98962071674485,3.2601441147816077,0.03935706437073055,0.48392275187974804,0.37125033097951887,0.04660539811831655,1.6648188088893052,-2.366331134813014,1.4366590442415206,0.06604480147833013,0.09092779883430663,0.2416242779001614,1.2547366658636347,0.781457703340401,0.0,1.3331698781431727,0.0,0.06311536704641654
37950,209.23786563478455,280.69312367241855,-16.484021546603046,310.7088763869687,82.16175952404303,-72.60868089449251,1927.189917342024,175.04286390224036,40.3834963691923,78.01979682465094,8.83179633611932,0.16097404722616016,-20.438881650126866,0.5709795874391131,0.17468612463932431,-4.979999965219258,0.318286911788041,-8.58788129967874,0.0505472213000989,1.3860992221077615,0.09933645960831451,-5.252403860553559,1.2431293603735183,0.0,1.9846923520362334,0.0,0.037055209772196736
39583,77.37945406036268,149.17960068928286,-110.98294169237998,123.95620130482833,56.37344732394126,-201.1447265432644,1013.4803368146005,49.03221015375669,63.59081036424978,-56.48770048003372,7.5091705822663135,0.4046268691957843,10.301713608757948,1.001431754111514,0.42536534682878835,1.4043155613023692,-1.3082880434640183,-7.63186602211468,0.09933573373614107,0.12820179135006532,0.12720573707524147,1.649457023365387,1.3826872335094813,0.0,4.657063361532193,0.0,0.05411937205917056
39930,348.4105587315144,107.26065409916868,-50.24023929207727,116.34924394728522,57.56639236173449,71.79116737677701,1227.3414115381477,70.71097977197792,34.15087713887413,-76.37653377526426,5.569851698745446,0.5319856812998076,-20.22973274158555,0.5246368192171665,0.5084708781823384,1.2212130920627193,-2.2215903656684373,-5.773441921742002,0.14342315726644342,0.6798967951610052,0.1148247528640417,1.2462227489390667,1.2012003477471254,0.0,-60.39392252959218,0.0,0.08467419123013264
33878,41.59754460424887,-449.2301316920054,28.604287714015047,-478.4735128134946,22.55273856676927,-325.9158223488725,1116.0968580614212,-364.1754108217354,-85.52472011936898,102.52634445585859,3.094980952695525,0.03074191640581635,-24.961335590336105,0.013950400645992806,0.0328867699151519,2.5006471272043793,-3.1786958295627197,-3.372227029478641,13.613189100510713,0.1104255613635587,0.4755280229897318,-0.505910199486727,1.4362426348125124,0.0,0.5114427910937989,0.0,-0.8686898873481568
34672,84.07496578299667,278.21482285020807,70.715244347396,334.51555745650035,88.97851144969665,-220.15371313078833,1675.7955633074525,201.87982622402174,-23.057729873477452,135.73093367187298,11.748878698522866,0.10184647145796769,-28.665371795421144,0.9573131899859959,0.0984567174935471,0.419278868617953,-0.45844328454170097,-2.685219724320826,0.06653882007203708,0.28725137940103185,0.06349735851981562,0.7247627204276412,-7.039051004901801,0.0,2.0901440418469006,0.0,0.0721264494953388
35799,545.5522985869117,-186.9390905613206,14.376362811358183,-130.8751224449399,10.201640536907007,-72.03139258957978,-1264.5145297818701,-111.91480463034405,-49.85796818942686,87.80375261254606,7.16141068288137,0.026241757044004308,-4.301617145875073,1.0863369457557581,0.0288461788285841,1.2174636510820736,-0.6144203470638127,25.94489849691869,0.09403697010900537,0.05213925774436368,0.19345272176980327,0.25018576036193485,0.6136920122711249,0.0,0.2500919418976154,0.0,0.21335904800809974
39503,194.84195216966302,97.83367497950873,6.778616567304719,129.6585413168698,56.60569727399403,-67.3613073140889,1026.0571838157598,84.09023295246242,-43.338389080254345,-71.04902290394217,6.591459018386424,0.4538508417664868,-37.510696699894645,1.3377273072663924,0.5177847572761325,3.8822948959766013,-0.7929367412112533,-12.461692989928313,0.13599938547849152,0.5481090369597716,-0.36195382396814263,-1.162728744437165,1.7447880249944123,0.0,17.71041056685773,0.0,0.10676559557287012
36935,288.06547167838835,60.09067571559723,-79.18589978115028,85.7538464252845,36.18608159168633,-14.394054946238105,1004.24409712886,44.62741774020294,-1.5486446832264442,9.30979356793405,4.291604948692494,-0.03656042037995721,-1.091087606107018,0.4098205937067574,0.023011394179293942,0.5201105581582213,-0.6697438475261782,9.268903871989206,4.121635677665328,0.12127167051840429,0.12783179337993045,0.9876933726641253,3.9629273060578756,0.0,2.6245009546864853,0.0,0.0876310083065607
37761,46.14641716858748,189.55092936051426,-0.8524433768051455,295.76843052728043,34.95894053677589,-289.17492299977744,1459.287845027581,39.86301033047347,43.432810127270706,48.72980613656659,4.428415313628843,0.0910005637010887,0.6306227983842521,0.6537445624598515,0.09011552123310987,-14.611491546676817,-10.514503327878892,-2.2930925360974843,-0.08710339875737019,0.14695855908588504,0.09760850017101734,-63.47572092128309,1.322705484753757,0.0,1.1053325219948777,0.0,0.055262134239775496
34600,451.83172850897313,-157.89699463358642,88.9767826051369,-302.69945608964775,17.424733582058938,192.85647194704848,1053.366885507989,-105.13046166315604,44.383170034710794,-90.24195230039805,11.907746077464944,0.02926006299236817,-6.048198894926257,1.3463031316497835,0.032870048472494924,2.8855621207983235,3.6450196413760465,5.458365921273935,0.18873847220235115,0.0908341553091376,3.1799140689125145,0.6402048437876754,-6.771399534737258,0.0,0.8861972144463649,0.0,1.8007174521493439
34073,392.6210184709721,-254.8526270577942,70.07566472445714,-290.46642584539364,17.198867977179884,172.85407628327698,1202.5378745212377,-204.33233529013435,-59.88114246638738,113.70167432655614,10.261940391080932,0.020998009859841626,-6.62580075753387,0.6962380902546449,0.031049348344520392,2.1348380232468136,-1.2906288769588092,1.1158854094696098,0.11239336499151169,0.04242286317522495,0.18437984089529855,0.37381476092618526,0.5110278174635846,0.0,0.6436166802594635,0.0,0.18055349515306654
37974,73.09627111442413,238.09690622057366,34.14429343239698,304.1598281009738,35.907283507023465,-250.44635525793402,1555.249832875992,93.02344195785038,46.01552794187291,90.41142070013984,5.324277526410023,0.08962900684501172,23.261380556277576,0.8892983276806473,0.08984546391096832,4.810270597086311,40.878246797178434,-0.9972999973016274,-0.0965777212912781,0.2755491603023445,0.09553402353505988,14.459587916536067,1.498212810126417,0.0,1.2000021713878402,0.0,0.052100649401579435
38363,590.1103914086217,171.4315787587353,-6.6090866644089,118.58804901402588,34.9376434793568,-315.93939970162944,-1438.1521138100406,60.371912342406794,92.97246592742135,-34.140265106781,2.4616854717876695,0.04109482067413952,-32.621477062036945,0.5866033270470098,0.04638096292944812,2.1135138778350804,-4.521403077415671,-5.98833703339267,-0.5019347796558316,0.026743997615859796,-0.006046112271332367,2.8492429565374984,1.1303490711756627,0.0,1.1655849943271472,0.0,0.042178767821248436
36037,-703.9937683571457,99.38928600172741,14.807219673686497,95.60633948363073,20.787778041101596,-71.1624894913572,-1939.871556154002,69.40775218264456,-22.859140194270605,62.19816858314201,3.339660302813922,0.04278651842935922,17.180050570978583,0.5924606967551528,0.05013962127205813,0.15131916074068782,1.9612627139114387,-2.008624254880515,-0.0034383788138012375,0.09146652542570123,0.01575141366960058,0.2364575694185392,0.3501266696478426,0.0,1.1038221787984555,0.0,0.10221339335476981
40719,124.64823682242698,117.98633422572465,-83.82500286689701,117.79822382173738,57.267484756234985,-165.38384464376418,867.8064810789456,62.06641197902683,20.27060733070327,-152.86326293014068,5.221398156899433,0.04369152904818042,3.585783123462665,0.9272391948349263,0.0482145907937073,2.5760737890064527,-2.329867504060988,9.941652490977214,0.10438047327386268,0.1872325849878976,-0.019694007969308962,1.68771386121882,0.9458451584937766,0.0,6.1283031725795105,0.0,0.052301496426588545
35385,-687.3783248025868,86.28862520323457,-7.431515385152892,96.0426265806699,26.332119079713422,-71.50090401819,-1895.5392637176103,50.044837925704435,-38.75165400989936,47.59645221011688,3.6019998008223677,0.0389415722547952,16.674266448296677,0.5480312635826038,0.04495840374790349,0.39869667816019566,1.9400136462851458,-1.3357857934412818,-0.007696350157266852,0.07303057615938169,0.030228493348438832,0.34525711179064905,0.27532478640481106,0.0,0.7353124505239969,0.0,0.11071232333159292
40426,379.7408713929488,25.349919660510196,-38.28508636447111,105.0826354714055,34.96556999586969,108.9892413718933,1197.2050662158408,16.595551016983862,-87.75181568774758,-17.87376566684449,4.602919782749374,0.04317160569549691,32.806283237815144,0.3836093342385152,0.04722507076101573,2.018107365381557,3.6069538624578947,-8.64002407428008,0.012069776855897163,0.26659231974992353,0.07734343540808815,0.8417919612994563,0.8777317214320722,0.0,2.120645949934907,0.0,0.08670010932037502
33584,253.17939146682977,-227.01436343674732,78.79368150302999,-347.53441804212025,16.628417413244463,150.89636539214584,792.2800376302681,-169.1681802908348,25.26241377911141,-96.85343779985996,11.885755882073369,0.043741731530563016,7.578779369593173,0.9477778263785583,0.04555459094369593,-30.610646902416686,-2.171586261435759,-11.663110046467018,0.11129012198745954,0.08105420368377923,-34.57668798338778,1.2381826420033284,5.5406319479146156,0.0,0.9258643731982328,0.0,0.595832162231722
34035,701.5142047431813,195.58072033861083,45.15111985556334,50.77299024367166,17.557331255905346,-76.28389792299774,-1557.3850855744504,35.552801724782896,148.96545966858193,94.29824929244518,4.2801391253606464,0.03771125520394274,23.912488403182785,0.614724382945144,0.03970635297416417,0.7570166264180194,7.7183847765891755,-0.7397024862864818,0.04471897705619175,0.07358675377607121,0.03716297741608721,0.661146719330509,0.10437188738588568,0.0,-0.040734977152193014,0.0,0.08520902161731841
38056,803.715474718491,-133.46684950568402,16.39867126863706,-130.271183699952,9.527253006124916,681.6266827992132,-1061.381209438394,-98.49432823119065,-110.50268764562352,144.05307549311533,7.168030502787305,0.024994180036141622,-15.111356342487834,1.0585113133989543,0.027730986397140396,1.7218532519634093,-2.1945288653370163,-7.693550884642105,-0.6943125009375334,0.055073240217434025,0.29613503297106686,0.8094238500005961,2.0617507250932356,0.0,1.0536536349350574,0.0,0.12100425619707332
39858,508.53715526136625,-169.4391018163505,-162.76116845832237,-148.90417565298125,10.65401212018493,271.6394878453147,-1100.896319551112,-148.46930906068616,-203.05089739328125,-147.49764361721847,1.192766033683692,0.13852351593405465,-45.09185467579278,-0.9301031840169492,0.15039019597051256,-10.274450782519013,-3.135518797951991,-14.633657434114994,-0.11768422044907004,0.11117703478001924,0.052490489980628725,-12.199467328329963,0.6138620289058104,0.0,1.5171194708424467,0.0,0.06853562586988206
40053,11.586149929355804,87.47886233945044,-527.9001574904321,77.34726398161465,-1297.5729543183947,-278.9389738287675,919.0376672187498,57.02438355213734,3.744360345388282,-173.21512349474804,3.4262485312746893,0.12874736203766446,82.41443038414275,0.7925688934884588,0.1241395448995821,-6.822659356665881,-3.5235942525252053,-6.014769127197558,-0.011857447919120044,0.18603744587534382,-1.8429294326084913,0.625996068867891,0.2003785850724232,0.0,2.6309343851478064,0.0,0.04810793451069547
36988,444.0280770264288,151.63251413978242,-53.00364766809455,154.42792150781472,43.302883410163965,258.04395154955364,1297.2256607734275,60.824344160283,54.01597094995092,1.3386165343673955,4.883463259523484,0.04889057051079306,22.527814344061234,0.3930569993424859,0.05199029978511668,1.3824625593347508,1.668652938060253,-2.160901578658652,0.06208486037224706,0.9296108453257266,0.1965413143491252,0.8219180553876697,0.5252007431905192,0.0,3.3489095805433924,0.0,0.2120617918259602
34949,-917.2211672380585,87.32848122888068,39.15106698749469,59.84445554005881,20.64798024353686,-121.426011984522,-2144.596043282109,16.06567137293617,44.414695755816616,45.10981615626313,2.84961337749111,0.04171931095973432,15.901365927299258,0.5801412626173055,0.04648297554727587,0.7586365600416782,-2.129723950706175,-2.153464614711389,0.0009077323875057229,0.07392509289403681,0.07138117126494699,0.41601363361367943,-1.267033093243698,0.0,0.5038707402289055,0.0,0.08198889022646094
40160,601.28189510653,86.70421682830207,-111.86567465985489,46.79426985009873,20.52675910586586,-96.11187458219788,-1519.141019004842,9.820664652757351,90.83020185215591,-110.90754415010507,3.045877779451488,0.2044238764196133,-64.17989555399177,0.34682156217477444,0.22540432967860224,-6.736106379089364,-2.8281154834286175,-3.621285857875376,-0.14562030690551858,0.11432410281052119,-0.16312030922912016,-10.809119457969423,2.4696701582979714,0.0,1.0339102583818824,0.0,0.07216803352317401
37755,-870.5234229154609,94.31328578185658,-5.547952957953975,69.92153323182963,15.06110754345758,-132.52825453265817,-2123.4441336471264,19.431994107105385,48.142895038933744,34.78038402071173,2.054527484045528,0.04080897412391455,12.622405944037629,0.2650106562552214,0.046106860121597454,-4.823749086496254,-1.900665320090825,-1.7359734034821617,-0.034211026699728864,-3.7044408551667956,0.04415867242750733,0.7515855313110148,0.5548415484369004,0.0,0.5658421564538175,0.0,0.05557681383928765
38541,348.6153494539192,164.90402999230216,-115.27995870386857,171.13214601479507,59.01174474974813,219.17337327968076,1615.1664229655703,132.8359401994556,19.574727626511766,-185.4403350596716,6.338872061983508,0.18665736747458297,-35.61341968776602,0.47074136173134973,0.23492911190577828,3.174847582890287,-1.3079815389445255,-14.30779065823933,-3.0756633195919445,0.23437390836006547,0.2508544544057257,2.0447972484169905,1.5532448631834632,0.0,4.350263236381182,0.0,0.10265654676315403
34535,581.1763203829663,26.22513374748684,62.64491519704116,43.41726925106566,19.288463048344756,-194.87884679636844,-1686.1102956235268,9.13709622823816,-1.9631334331932955,94.79984789541521,5.581729002583104,0.037962359637185694,11.706822333883595,1.034393305765373,0.04203040989537792,0.8623883031124836,-1.843858852585427,13.467510986464927,0.32690742286352065,0.07946315632017005,-0.10655749317472593,0.3838611342773732,1.0911944491817671,0.0,0.9111304853917601,0.0,0.20472704839580644
39931,345.46501462223455,125.05338194579487,-38.00387942551876,127.6979675397118,59.50612572258269,69.17659753432206,1257.3601190942472,82.32689878278569,37.67243059123726,-67.7570485766295,6.031073938926872,0.5329719910809427,-14.128476451663834,0.5321329534238418,0.5157202352516692,-9.879947707759161,-2.2429369826287973,-5.668988009629357,0.163416137500816,0.8762739439012921,-1.2654516907196858,1.4831475136757035,1.3124923194442195,0.0,8.853313659473859,0.0,0.07591669602376018
34650,131.09365812376558,107.68715807585812,51.02405970875275,164.36810790159177,64.39465915634091,-168.25231827478171,1232.8689420964133,17.347999780659016,-68.65496798453927,62.34196453451361,4.047166332706045,0.042707814187368416,1.631332977819405,0.47218087157085104,0.04613978303198782,1.413067197317679,-1.6497286857768312,2.642628062742602,-0.054055474873256626,0.25237664299780965,0.19001350136605302,0.4086362686017375,0.3966454345711366,0.0,1.5100794140581602,0.0,0.11606221125924464
39987,687.978985180764,101.97923885122529,-91.19805471989538,53.30911837485873,19.758741360202862,259.27502179530705,-1440.728922688067,21.227694234022245,143.01113951681864,-15.56536125981962,3.466309950084005,0.29729172001633064,-27.137906249141604,0.5247043377606783,0.29965274870880965,4.865605284855041,-2.0831919875183145,21.367269610821666,0.059242214895312416,0.26648201793783416,-0.020483636887765864,4.134353002566022,1.3517926342558118,0.0,1.8316960483614244,0.0,0.06837283676808265
36592,658.7313051131102,205.34015967105543,-16.41855790300854,53.08569301814058,13.846826957854944,-78.65478677980177,-1535.269263069011,47.11723418102285,158.7818777888873,63.414492118755135,4.268900940451979,0.037417418530080356,-24.975670871860974,0.7254290509433655,0.03932658015549192,0.9719694428946175,-6.727695232221768,-4.237009065614243,2.3313820335929454,0.054185938065099325,0.04727843529016508,0.7147979468175366,2.237499146953091,0.0,0.06646044499247558,0.0,0.1458989622223083
37122,439.9685417256933,156.65676911537017,-22.247335148277955,182.3190909386754,58.22887470330634,276.75495464946744,1827.3201205083749,118.37774183111458,13.349574991946564,33.265295430537606,12.449430856869858,0.15972056654980862,-3.863076197276678,0.8385544425604273,0.18083237763120064,1.1114714859217674,-0.46986039722280765,6.092609716199675,0.18718805818353118,0.18141682737249604,0.4936985830871468,0.7924985310108466,1.1957879840032855,0.0,1.782164793731517,0.0,0.21707949336882512
37036,511.57259924009827,-310.07727526423986,46.7920603573005,-374.68737048549013,16.50493200621207,404.32077749853613,1024.4856811141735,-226.86271104865122,-40.89960936286707,43.71209772225587,7.828216757771631,0.03156713102593693,31.397037948873205,0.43780586938010724,0.03455152649240246,3.440770785410295,2.433338460770054,6.216086776461936,-0.08224017404829626,0.29736372234341973,0.6873986688868187,0.7852408719972758,0.7452109090682243,0.0,0.9078500803416946,0.0,0.37202494908849254
