source_row_index,hour,day_of_week,month,is_weekend,is_holiday,hour_sin,hour_cos,dow_sin,dow_cos,temp_c,rain_1h,snow_1h,clouds_all,is_raining,is_snowing,is_low_visibility,weather_main
39554,5,3,12,0,0,0.9659258262890683,0.25881904510252074,0.43388373911755823,-0.900968867902419,-12.199999999999989,0.0,0.0,75.0,0,0,0,clouds
38937,23,1,11,0,0,-0.25881904510252157,0.9659258262890681,0.7818314824680298,0.6234898018587336,6.460000000000036,0.0,0.0,90.0,0,0,1,fog
40638,23,6,1,1,0,-0.25881904510252157,0.9659258262890681,-0.7818314824680299,0.6234898018587334,-10.479999999999961,0.0,0.0,90.0,0,0,1,mist
37186,6,5,9,1,0,1.0,6.123233995736766e-17,-0.9749279121818236,-0.2225209339563146,22.79000000000002,0.0,0.0,90.0,0,0,0,thunderstorm
37384,18,5,9,1,0,-1.0,-1.8369701987210297e-16,-0.9749279121818236,-0.2225209339563146,29.0,0.0,0.0,1.0,0,0,0,clear
33682,20,1,5,0,0,-0.8660254037844386,0.5000000000000001,0.7818314824680298,0.6234898018587336,25.140000000000043,0.0,0.0,40.0,0,0,0,clouds
40372,8,5,1,1,0,0.8660254037844387,-0.4999999999999998,-0.9749279121818236,-0.2225209339563146,-25.529999999999973,0.0,0.0,5.0,0,0,1,haze
36755,18,2,8,0,0,-1.0,-1.8369701987210297e-16,0.9749279121818236,-0.22252093395631434,24.07000000000005,0.0,0.0,40.0,0,0,0,rain
38380,11,4,10,0,0,0.258819045102521,-0.9659258262890682,-0.433883739117558,-0.9009688679024191,0.57000000000005,0.0,0.0,90.0,0,0,0,snow
37911,17,1,10,0,0,-0.9659258262890683,-0.25881904510252063,0.7818314824680298,0.6234898018587336,11.0,0.0,0.0,1.0,0,0,0,clear
40267,4,1,1,0,0,0.8660254037844386,0.5000000000000001,0.7818314824680298,0.6234898018587336,-22.42999999999998,0.0,0.0,1.0,0,0,0,clear
38763,22,2,11,0,0,-0.5000000000000004,0.8660254037844384,0.9749279121818236,-0.22252093395631434,1.1299999999999955,0.0,0.0,75.0,0,0,0,clouds
33558,16,4,5,0,0,-0.8660254037844385,-0.5000000000000004,-0.433883739117558,-0.9009688679024191,22.060000000000002,0.0,0.0,1.0,0,0,0,clear
37826,10,5,10,1,0,0.49999999999999994,-0.8660254037844387,-0.9749279121818236,-0.2225209339563146,12.400000000000034,0.0,0.0,90.0,0,0,0,rain
36766,5,3,8,0,0,0.9659258262890683,0.25881904510252074,0.43388373911755823,-0.900968867902419,12.710000000000036,0.0,0.0,1.0,0,0,0,clear
40443,7,1,1,0,0,0.9659258262890683,-0.25881904510252063,0.7818314824680298,0.6234898018587336,-0.6499999999999773,0.0,0.0,40.0,0,0,0,clouds
36597,0,5,8,1,0,0.0,1.0,-0.9749279121818236,-0.2225209339563146,16.939999999999998,0.0,0.0,75.0,0,0,1,mist
39524,7,2,12,0,0,0.9659258262890683,-0.25881904510252063,0.9749279121818236,-0.22252093395631434,-8.849999999999966,0.0,0.0,5.0,0,0,0,clear
39338,3,3,11,0,0,0.7071067811865476,0.7071067811865476,0.43388373911755823,-0.900968867902419,5.710000000000036,0.0,0.0,75.0,0,0,0,clouds
38043,6,6,10,1,0,1.0,6.123233995736766e-17,-0.7818314824680299,0.6234898018587334,5.5400000000000205,0.0,0.0,40.0,0,0,0,clouds
38457,21,6,10,1,0,-0.7071067811865477,0.7071067811865474,-0.7818314824680299,0.6234898018587334,3.6000000000000227,0.0,0.0,90.0,0,0,0,drizzle
38997,2,4,11,0,0,0.49999999999999994,0.8660254037844387,-0.433883739117558,-0.9009688679024191,1.670000000000016,0.0,0.0,1.0,0,0,0,clear
37817,7,5,10,1,0,0.9659258262890683,-0.25881904510252063,-0.9749279121818236,-0.2225209339563146,12.29000000000002,0.0,0.0,90.0,0,0,0,drizzle
39133,16,1,11,0,0,-0.8660254037844385,-0.5000000000000004,0.7818314824680298,0.6234898018587336,-2.0,0.0,0.0,5.0,0,0,0,clear
33805,20,4,5,0,0,-0.8660254037844386,0.5000000000000001,-0.433883739117558,-0.9009688679024191,11.629999999999995,0.0,0.0,90.0,0,0,0,clouds
36701,18,0,8,0,0,-1.0,-1.8369701987210297e-16,0.0,1.0,22.850000000000023,0.0,0.0,40.0,0,0,0,clouds
39783,21,4,12,0,0,-0.7071067811865477,0.7071067811865474,-0.433883739117558,-0.9009688679024191,-3.2199999999999704,0.0,0.0,90.0,0,0,0,snow
40359,19,4,1,0,0,-0.9659258262890684,0.2588190451025203,-0.433883739117558,-0.9009688679024191,-19.569999999999965,0.0,0.0,40.0,0,0,0,clouds
37726,2,3,10,0,0,0.49999999999999994,0.8660254037844387,0.43388373911755823,-0.900968867902419,7.430000000000007,0.0,0.0,1.0,0,0,0,clear
35226,22,0,7,0,0,-0.5000000000000004,0.8660254037844384,0.0,1.0,23.410000000000025,0.0,0.0,40.0,0,0,0,clouds
39004,8,4,11,0,0,0.8660254037844387,-0.4999999999999998,-0.433883739117558,-0.9009688679024191,2.5,0.0,0.0,90.0,0,0,1,mist
37276,9,1,9,0,0,0.7071067811865476,-0.7071067811865475,0.7818314824680298,0.6234898018587336,16.49000000000001,0.0,0.0,20.0,0,0,1,mist
37303,10,2,9,0,0,0.49999999999999994,-0.8660254037844387,0.9749279121818236,-0.22252093395631434,20.400000000000034,0.0,0.0,90.0,0,0,0,clouds
34325,18,2,6,0,0,-1.0,-1.8369701987210297e-16,0.9749279121818236,-0.22252093395631434,29.600000000000023,0.0,0.0,75.0,0,0,0,clouds
33905,21,6,5,1,0,-0.7071067811865477,0.7071067811865474,-0.7818314824680299,0.6234898018587334,7.8799999999999955,0.0,0.0,90.0,0,0,0,drizzle
39638,15,6,12,1,0,-0.7071067811865471,-0.7071067811865479,-0.7818314824680299,0.6234898018587334,-1.2899999999999636,0.0,0.0,90.0,0,0,0,clouds
36153,16,4,8,0,0,-0.8660254037844385,-0.5000000000000004,-0.433883739117558,-0.9009688679024191,24.600000000000023,0.0,0.0,75.0,0,0,0,clouds
37037,16,6,9,1,0,-0.8660254037844385,-0.5000000000000004,-0.7818314824680299,0.6234898018587334,25.660000000000025,0.0,0.0,40.0,0,0,0,clouds
37161,7,4,9,0,0,0.9659258262890683,-0.25881904510252063,-0.433883739117558,-0.9009688679024191,19.350000000000023,0.0,0.0,1.0,0,0,0,clear
33954,15,1,5,0,0,-0.7071067811865471,-0.7071067811865479,0.7818314824680298,0.6234898018587336,14.5,0.0,0.0,90.0,0,0,0,rain
35707,3,3,7,0,0,0.7071067811865476,0.7071067811865476,0.43388373911755823,-0.900968867902419,18.400000000000034,0.0,0.0,1.0,0,0,1,mist
35720,16,3,7,0,0,-0.8660254037844385,-0.5000000000000004,0.43388373911755823,-0.900968867902419,28.210000000000036,0.0,0.0,40.0,0,0,0,clouds
34139,0,2,5,0,0,0.0,1.0,0.9749279121818236,-0.22252093395631434,11.07000000000005,0.0,0.0,1.0,0,0,0,clear
38283,18,1,10,0,0,-1.0,-1.8369701987210297e-16,0.7818314824680298,0.6234898018587336,9.200000000000045,0.0,0.0,40.0,0,0,0,clouds
34943,20,3,6,0,0,-0.8660254037844386,0.5000000000000001,0.43388373911755823,-0.900968867902419,23.0,0.0,0.0,75.0,0,0,0,thunderstorm
38075,14,0,10,0,0,-0.4999999999999997,-0.8660254037844388,0.0,1.0,16.430000000000007,0.0,0.0,20.0,0,0,0,clouds
37155,1,4,9,0,0,0.25881904510252074,0.9659258262890683,-0.433883739117558,-0.9009688679024191,22.860000000000014,0.0,0.0,1.0,0,0,0,clear
37692,16,1,10,0,0,-0.8660254037844385,-0.5000000000000004,0.7818314824680298,0.6234898018587336,16.920000000000016,0.0,0.0,90.0,0,0,0,clouds
36379,12,4,8,0,0,1.2246467991473532e-16,-1.0,-0.433883739117558,-0.9009688679024191,19.430000000000007,0.0,0.0,90.0,0,0,0,rain
38774,10,3,11,0,0,0.49999999999999994,-0.8660254037844387,0.43388373911755823,-0.900968867902419,-7.21999999999997,0.0,0.0,40.0,0,0,0,snow
35009,12,6,7,1,0,1.2246467991473532e-16,-1.0,-0.7818314824680299,0.6234898018587334,22.5,0.0,0.0,40.0,0,0,0,clouds
39696,12,1,12,0,0,1.2246467991473532e-16,-1.0,0.7818314824680298,0.6234898018587336,-9.539999999999964,0.0,0.0,90.0,0,0,0,clouds
35040,19,0,7,0,0,-0.9659258262890684,0.2588190451025203,0.0,1.0,26.79000000000002,0.0,0.0,40.0,0,0,0,clouds
40508,1,3,1,0,0,0.25881904510252074,0.9659258262890683,0.43388373911755823,-0.900968867902419,1.7100000000000364,0.0,0.0,90.0,0,0,0,drizzle
35131,7,4,7,0,0,0.9659258262890683,-0.25881904510252063,-0.433883739117558,-0.9009688679024191,18.439999999999998,0.0,0.0,1.0,0,0,0,clear
37445,17,0,9,0,0,-0.9659258262890683,-0.25881904510252063,0.0,1.0,15.830000000000041,0.0,0.0,90.0,0,0,0,clouds
36344,9,3,8,0,0,0.7071067811865476,-0.7071067811865475,0.43388373911755823,-0.900968867902419,19.460000000000036,0.0,0.0,90.0,0,0,1,mist
37583,18,5,9,1,0,-1.0,-1.8369701987210297e-16,-0.9749279121818236,-0.2225209339563146,18.870000000000005,0.0,0.0,20.0,0,0,0,clouds
34457,6,0,6,0,0,1.0,6.123233995736766e-17,0.0,1.0,17.460000000000036,0.0,0.0,90.0,0,0,1,fog
35973,4,6,8,1,0,0.8660254037844386,0.5000000000000001,-0.7818314824680299,0.6234898018587334,15.400000000000034,0.0,0.0,1.0,0,0,0,clear
39963,20,3,12,0,0,-0.8660254037844386,0.5000000000000001,0.43388373911755823,-0.900968867902419,-5.269999999999982,0.0,0.0,90.0,0,0,0,clouds
33829,14,5,5,1,0,-0.4999999999999997,-0.8660254037844388,-0.9749279121818236,-0.2225209339563146,6.270000000000039,0.0,0.0,90.0,0,0,0,rain
34454,5,0,6,0,0,0.9659258262890683,0.25881904510252074,0.0,1.0,17.870000000000005,0.0,0.0,1.0,0,0,1,mist
39098,5,0,11,0,0,0.9659258262890683,0.25881904510252074,0.0,1.0,-1.2099999999999795,0.0,0.0,1.0,0,0,0,clear
37622,3,0,10,0,0,0.7071067811865476,0.7071067811865476,0.0,1.0,12.930000000000007,0.0,0.0,90.0,0,0,0,rain
39110,17,0,11,0,0,-0.9659258262890683,-0.25881904510252063,0.0,1.0,7.1299999999999955,0.0,0.0,75.0,0,0,0,clouds
40568,18,4,1,0,0,-1.0,-1.8369701987210297e-16,-0.433883739117558,-0.9009688679024191,-17.49999999999997,0.0,0.0,5.0,0,0,0,clear
38507,14,1,10,0,0,-0.4999999999999997,-0.8660254037844388,0.7818314824680298,0.6234898018587336,0.07000000000005002,0.0,0.0,75.0,0,0,0,clouds
33727,18,2,5,0,0,-1.0,-1.8369701987210297e-16,0.9749279121818236,-0.22252093395631434,18.200000000000045,0.0,0.0,90.0,0,0,0,drizzle
38842,4,6,11,1,0,0.8660254037844386,0.5000000000000001,-0.7818314824680299,0.6234898018587334,-4.0,0.0,0.0,1.0,0,0,1,mist
37388,21,5,9,1,0,-0.7071067811865477,0.7071067811865474,-0.9749279121818236,-0.2225209339563146,25.160000000000025,0.0,0.0,90.0,0,0,0,clouds
34995,18,5,7,1,0,-1.0,-1.8369701987210297e-16,-0.9749279121818236,-0.2225209339563146,23.129999999999995,0.0,0.0,40.0,0,0,0,clouds
38111,2,2,10,0,0,0.49999999999999994,0.8660254037844387,0.9749279121818236,-0.22252093395631434,13.330000000000041,0.0,0.0,1.0,0,0,0,clear
39955,12,3,12,0,0,1.2246467991473532e-16,-1.0,0.43388373911755823,-0.900968867902419,-6.0,0.0,0.0,90.0,0,0,0,snow
36046,13,1,8,0,0,-0.2588190451025208,-0.9659258262890683,0.7818314824680298,0.6234898018587336,26.210000000000036,0.0,0.0,75.0,0,0,0,clouds
34041,4,5,5,1,0,0.8660254037844386,0.5000000000000001,-0.9749279121818236,-0.2225209339563146,11.140000000000043,0.0,0.0,1.0,0,0,0,clear
40624,17,6,1,1,0,-0.9659258262890683,-0.25881904510252063,-0.7818314824680299,0.6234898018587334,-9.539999999999964,0.0,0.0,90.0,0,0,1,mist
35036,15,0,7,0,0,-0.7071067811865471,-0.7071067811865479,0.0,1.0,26.670000000000016,0.0,0.0,1.0,0,0,0,clear
34544,7,3,6,0,0,0.9659258262890683,-0.25881904510252063,0.43388373911755823,-0.900968867902419,18.730000000000018,0.0,0.0,1.0,0,0,0,clear
33598,8,6,5,1,0,0.8660254037844387,-0.4999999999999998,-0.7818314824680299,0.6234898018587334,13.640000000000043,0.0,0.0,1.0,0,0,0,clear
35896,12,3,8,0,0,1.2246467991473532e-16,-1.0,0.43388373911755823,-0.900968867902419,13.07000000000005,0.0,0.0,90.0,0,0,1,mist
36573,8,4,8,0,0,0.8660254037844387,-0.4999999999999998,-0.433883739117558,-0.9009688679024191,14.800000000000011,0.0,0.0,90.0,0,0,0,rain
38221,4,6,10,1,0,0.8660254037844386,0.5000000000000001,-0.7818314824680299,0.6234898018587334,9.200000000000045,0.0,0.0,1.0,0,0,0,clear
35215,9,0,7,0,0,0.7071067811865476,-0.7071067811865475,0.0,1.0,21.0,0.0,0.0,75.0,0,0,0,clouds
35120,20,3,7,0,0,-0.8660254037844386,0.5000000000000001,0.43388373911755823,-0.900968867902419,30.74000000000001,0.0,0.0,20.0,0,0,0,clouds
34558,21,3,6,0,0,-0.7071067811865477,0.7071067811865474,0.43388373911755823,-0.900968867902419,26.470000000000027,0.0,0.0,1.0,0,0,0,clear
35066,21,1,7,0,1,-0.7071067811865477,0.7071067811865474,0.7818314824680298,0.6234898018587336,26.80000000000001,0.0,0.0,75.0,0,0,0,clouds
34660,19,0,6,0,0,-0.9659258262890684,0.2588190451025203,0.0,1.0,21.650000000000034,0.0,0.0,40.0,0,0,0,clouds
38101,16,1,10,0,0,-0.8660254037844385,-0.5000000000000004,0.7818314824680298,0.6234898018587336,22.460000000000036,0.0,0.0,1.0,0,0,0,clear
36802,13,4,9,0,0,-0.2588190451025208,-0.9659258262890683,-0.433883739117558,-0.9009688679024191,19.210000000000036,0.0,0.0,20.0,0,0,0,clouds
40357,17,4,1,0,0,-0.9659258262890683,-0.25881904510252063,-0.433883739117558,-0.9009688679024191,-17.329999999999984,0.0,0.0,40.0,0,0,0,clouds
36255,3,1,8,0,0,0.7071067811865476,0.7071067811865476,0.7818314824680298,0.6234898018587336,14.670000000000016,0.0,0.0,1.0,0,0,1,fog
33576,10,5,5,1,0,0.49999999999999994,-0.8660254037844387,-0.9749279121818236,-0.2225209339563146,17.0,0.0,0.0,1.0,0,0,0,clear
35366,9,6,7,1,0,0.7071067811865476,-0.7071067811865475,-0.7818314824680299,0.6234898018587334,20.939999999999998,0.0,0.0,1.0,0,0,0,clear
36225,4,0,8,0,0,0.8660254037844386,0.5000000000000001,0.0,1.0,16.57000000000005,0.0,0.0,90.0,0,0,1,mist
39840,13,6,12,1,0,-0.2588190451025208,-0.9659258262890683,-0.7818314824680299,0.6234898018587334,-3.0,0.0,0.0,40.0,0,0,1,mist
39532,15,2,12,0,0,-0.7071067811865471,-0.7071067811865479,0.9749279121818236,-0.22252093395631434,-7.859999999999957,0.0,0.0,90.0,0,0,0,snow
39641,18,6,12,1,0,-1.0,-1.8369701987210297e-16,-0.7818314824680299,0.6234898018587334,-3.92999999999995,0.0,0.0,5.0,0,0,0,clear
35004,3,6,7,1,0,0.7071067811865476,0.7071067811865476,-0.7818314824680299,0.6234898018587334,18.870000000000005,0.0,0.0,1.0,0,0,0,rain
37109,3,2,9,0,0,0.7071067811865476,0.7071067811865476,0.9749279121818236,-0.22252093395631434,18.360000000000014,0.0,0.0,1.0,0,0,0,clear
39863,0,0,12,0,0,0.0,1.0,0.0,1.0,-3.069999999999993,0.0,0.0,40.0,0,0,1,mist
40441,5,1,1,0,0,0.9659258262890683,0.25881904510252074,0.7818314824680298,0.6234898018587336,-1.5,0.0,0.0,90.0,0,0,1,mist
37310,17,2,9,0,0,-0.9659258262890683,-0.25881904510252063,0.9749279121818236,-0.22252093395631434,23.129999999999995,0.0,0.0,1.0,0,0,0,clear
37815,6,5,10,1,0,1.0,6.123233995736766e-17,-0.9749279121818236,-0.2225209339563146,12.28000000000003,0.0,0.0,90.0,0,0,1,mist
39007,9,4,11,0,0,0.7071067811865476,-0.7071067811865475,-0.433883739117558,-0.9009688679024191,2.2100000000000364,0.0,0.0,90.0,0,0,1,mist
35203,23,6,7,1,0,-0.25881904510252157,0.9659258262890681,-0.7818314824680299,0.6234898018587334,21.53000000000003,0.0,0.0,40.0,0,0,0,rain
33674,13,1,5,0,0,-0.2588190451025208,-0.9659258262890683,0.7818314824680298,0.6234898018587336,22.53000000000003,0.0,0.0,75.0,0,0,0,clouds
36426,17,5,8,1,0,-0.9659258262890683,-0.25881904510252063,-0.9749279121818236,-0.2225209339563146,26.140000000000043,0.0,0.0,40.0,0,0,0,clouds
34006,18,3,5,0,0,-1.0,-1.8369701987210297e-16,0.43388373911755823,-0.900968867902419,21.0,0.0,0.0,40.0,0,0,0,clouds
40151,16,3,12,0,0,-0.8660254037844385,-0.5000000000000004,0.43388373911755823,-0.900968867902419,-12.310000000000002,0.0,0.0,90.0,0,0,0,snow
35442,0,2,7,0,0,0.0,1.0,0.9749279121818236,-0.22252093395631434,17.930000000000007,0.0,0.0,1.0,0,0,1,mist
36980,7,4,9,0,0,0.9659258262890683,-0.25881904510252063,-0.433883739117558,-0.9009688679024191,10.270000000000039,0.0,0.0,1.0,0,0,0,clear
39189,0,4,11,0,0,0.0,1.0,-0.433883739117558,-0.9009688679024191,6.930000000000007,0.0,0.0,1.0,0,0,0,clear
35788,11,6,7,1,0,0.258819045102521,-0.9659258262890682,-0.7818314824680299,0.6234898018587334,25.29000000000002,0.0,0.0,1.0,0,0,0,clear
34554,17,3,6,0,0,-0.9659258262890683,-0.25881904510252063,0.43388373911755823,-0.900968867902419,28.670000000000016,0.0,0.0,1.0,0,0,0,clear
39201,12,4,11,0,0,1.2246467991473532e-16,-1.0,-0.433883739117558,-0.9009688679024191,13.210000000000036,0.0,0.0,1.0,0,0,0,rain
34429,17,6,6,1,0,-0.9659258262890683,-0.25881904510252063,-0.7818314824680299,0.6234898018587334,21.58000000000004,0.0,0.0,90.0,0,0,0,thunderstorm
39689,5,1,12,0,0,0.9659258262890683,0.25881904510252074,0.7818314824680298,0.6234898018587336,-13.0,0.0,0.0,1.0,0,0,0,clear
34904,12,2,6,0,0,1.2246467991473532e-16,-1.0,0.9749279121818236,-0.22252093395631434,19.600000000000023,0.0,0.0,90.0,0,0,0,drizzle
36679,20,6,8,1,0,-0.8660254037844386,0.5000000000000001,-0.7818314824680299,0.6234898018587334,18.710000000000036,0.0,0.0,75.0,0,0,0,clouds
36489,22,0,8,0,0,-0.5000000000000004,0.8660254037844384,0.0,1.0,20.350000000000023,0.0,0.0,90.0,0,0,0,clouds
34261,2,0,6,0,0,0.49999999999999994,0.8660254037844387,0.0,1.0,17.0,0.0,0.0,1.0,0,0,0,clear
36238,14,0,8,0,0,-0.4999999999999997,-0.8660254037844388,0.0,1.0,20.360000000000014,0.0,0.0,90.0,0,0,0,clouds
33629,14,0,5,0,0,-0.4999999999999997,-0.8660254037844388,0.0,1.0,16.810000000000002,0.0,0.0,90.0,0,0,0,thunderstorm
40120,3,3,12,0,0,0.7071067811865476,0.7071067811865476,0.43388373911755823,-0.900968867902419,-15.859999999999957,0.0,0.0,90.0,0,0,1,haze
36106,3,3,8,0,0,0.7071067811865476,0.7071067811865476,0.43388373911755823,-0.900968867902419,16.400000000000034,0.0,0.0,40.0,0,0,1,mist
35399,18,0,7,0,0,-1.0,-1.8369701987210297e-16,0.0,1.0,31.860000000000014,0.0,0.0,40.0,0,0,0,clouds
39895,3,1,12,0,0,0.7071067811865476,0.7071067811865476,0.7818314824680298,0.6234898018587336,2.8500000000000227,0.0,0.0,40.0,0,0,0,clouds
37656,22,0,10,0,0,-0.5000000000000004,0.8660254037844384,0.0,1.0,17.379999999999995,0.0,0.0,90.0,0,0,0,thunderstorm
38555,22,2,11,0,0,-0.5000000000000004,0.8660254037844384,0.9749279121818236,-0.22252093395631434,1.9300000000000068,0.0,0.0,90.0,0,0,0,drizzle
39575,2,4,12,0,0,0.49999999999999994,0.8660254037844387,-0.433883739117558,-0.9009688679024191,-5.199999999999989,0.0,0.0,75.0,0,0,0,clouds
36213,23,6,8,1,0,-0.25881904510252157,0.9659258262890681,-0.7818314824680299,0.6234898018587334,18.5,0.0,0.0,90.0,0,0,0,thunderstorm
35912,18,3,8,0,0,-1.0,-1.8369701987210297e-16,0.43388373911755823,-0.900968867902419,13.470000000000027,0.0,0.0,90.0,0,0,0,clouds
37784,17,4,10,0,0,-0.9659258262890683,-0.25881904510252063,-0.433883739117558,-0.9009688679024191,13.29000000000002,0.0,0.0,90.0,0,0,0,drizzle
40057,13,0,12,0,1,-0.2588190451025208,-0.9659258262890683,0.0,1.0,-18.99999999999997,0.0,0.0,75.0,0,0,0,clouds
34297,14,1,6,0,0,-0.4999999999999997,-0.8660254037844388,0.7818314824680298,0.6234898018587336,25.33000000000004,0.0,0.0,1.0,0,0,0,clear
35591,14,6,7,1,0,-0.4999999999999997,-0.8660254037844388,-0.7818314824680299,0.6234898018587334,22.870000000000005,0.0,0.0,75.0,0,0,0,clouds
35722,18,3,7,0,0,-1.0,-1.8369701987210297e-16,0.43388373911755823,-0.900968867902419,28.57000000000005,0.0,0.0,40.0,0,0,0,clouds
36994,21,4,9,0,0,-0.7071067811865477,0.7071067811865474,-0.433883739117558,-0.9009688679024191,13.990000000000009,0.0,0.0,1.0,0,0,0,clear
35112,12,3,7,0,0,1.2246467991473532e-16,-1.0,0.43388373911755823,-0.900968867902419,26.99000000000001,0.0,0.0,1.0,0,0,0,clear
36819,1,5,9,1,0,0.25881904510252074,0.9659258262890683,-0.9749279121818236,-0.2225209339563146,17.930000000000007,0.0,0.0,90.0,0,0,1,haze
40485,15,2,1,0,0,-0.7071067811865471,-0.7071067811865479,0.9749279121818236,-0.22252093395631434,2.8000000000000114,0.0,0.0,90.0,0,0,1,mist
38008,15,5,10,1,0,-0.7071067811865471,-0.7071067811865479,-0.9749279121818236,-0.2225209339563146,13.5,0.0,0.0,75.0,0,0,0,rain
36678,19,6,8,1,0,-0.9659258262890684,0.2588190451025203,-0.7818314824680299,0.6234898018587334,19.430000000000007,0.0,0.0,75.0,0,0,0,rain
37560,20,4,9,0,0,-0.8660254037844386,0.5000000000000001,-0.433883739117558,-0.9009688679024191,13.080000000000041,0.0,0.0,20.0,0,0,0,clouds
36694,11,0,8,0,0,0.258819045102521,-0.9659258262890682,0.0,1.0,18.07000000000005,0.0,0.0,90.0,0,0,0,clouds
38195,9,5,10,1,0,0.7071067811865476,-0.7071067811865475,-0.9749279121818236,-0.2225209339563146,15.270000000000039,0.0,0.0,90.0,0,0,1,mist
39274,11,0,11,0,0,0.258819045102521,-0.9659258262890682,0.0,1.0,8.330000000000041,0.0,0.0,75.0,0,0,0,clouds
36978,5,4,9,0,0,0.9659258262890683,0.25881904510252074,-0.433883739117558,-0.9009688679024191,11.420000000000016,0.0,0.0,20.0,0,0,0,clouds
40174,12,4,12,0,0,1.2246467991473532e-16,-1.0,-0.433883739117558,-0.9009688679024191,-17.649999999999977,0.0,0.0,90.0,0,0,0,snow
39546,21,2,12,0,0,-0.7071067811865477,0.7071067811865474,0.9749279121818236,-0.22252093395631434,-7.42999999999995,0.0,0.0,75.0,0,0,0,snow
35238,7,1,7,0,0,0.9659258262890683,-0.25881904510252063,0.7818314824680298,0.6234898018587336,15.670000000000016,0.0,0.0,1.0,0,0,1,mist
35162,10,5,7,1,0,0.49999999999999994,-0.8660254037844387,-0.9749279121818236,-0.2225209339563146,22.24000000000001,0.0,0.0,20.0,0,0,0,clouds
40261,22,0,1,0,1,-0.5000000000000004,0.8660254037844384,0.0,1.0,-21.619999999999976,0.0,0.0,1.0,0,0,0,clear
33760,6,3,5,0,0,1.0,6.123233995736766e-17,0.43388373911755823,-0.900968867902419,8.860000000000014,0.0,0.0,90.0,0,0,0,drizzle
35042,21,0,7,0,0,-0.7071067811865477,0.7071067811865474,0.0,1.0,24.200000000000045,0.0,0.0,40.0,0,0,0,clouds
36508,17,1,8,0,0,-0.9659258262890683,-0.25881904510252063,0.7818314824680298,0.6234898018587336,23.140000000000043,0.0,0.0,40.0,0,0,0,clouds
39731,21,2,12,0,0,-0.7071067811865477,0.7071067811865474,0.9749279121818236,-0.22252093395631434,-6.42999999999995,0.0,0.0,5.0,0,0,0,snow
34909,14,2,6,0,0,-0.4999999999999997,-0.8660254037844388,0.9749279121818236,-0.22252093395631434,23.07000000000005,0.0,0.0,75.0,0,0,0,rain
34173,10,3,6,0,0,0.49999999999999994,-0.8660254037844387,0.43388373911755823,-0.900968867902419,18.99000000000001,0.0,0.0,5.0,0,0,0,clear
37479,11,1,9,0,0,0.258819045102521,-0.9659258262890682,0.7818314824680298,0.6234898018587336,15.140000000000043,0.0,0.0,90.0,0,0,0,drizzle
37781,16,4,10,0,0,-0.8660254037844385,-0.5000000000000004,-0.433883739117558,-0.9009688679024191,13.210000000000036,0.0,0.0,90.0,0,0,1,mist
36317,22,2,8,0,0,-0.5000000000000004,0.8660254037844384,0.9749279121818236,-0.22252093395631434,21.210000000000036,0.0,0.0,90.0,0,0,1,mist
35933,14,4,8,0,0,-0.4999999999999997,-0.8660254037844388,-0.433883739117558,-0.9009688679024191,23.210000000000036,0.0,0.0,75.0,0,0,0,clouds
38012,17,5,10,1,0,-0.9659258262890683,-0.25881904510252063,-0.9749279121818236,-0.2225209339563146,11.600000000000023,0.0,0.0,90.0,0,0,0,rain
39199,10,4,11,0,0,0.49999999999999994,-0.8660254037844387,-0.433883739117558,-0.9009688679024191,9.129999999999995,0.0,0.0,40.0,0,0,0,clouds
37950,7,3,10,0,0,0.9659258262890683,-0.25881904510252063,0.43388373911755823,-0.900968867902419,12.470000000000027,0.0,0.0,90.0,0,0,1,mist
39583,10,4,12,0,0,0.49999999999999994,-0.8660254037844387,-0.433883739117558,-0.9009688679024191,-3.849999999999966,0.0,0.0,40.0,0,0,0,clouds
39930,14,2,12,0,0,-0.4999999999999997,-0.8660254037844388,0.9749279121818236,-0.22252093395631434,-7.849999999999966,0.0,0.0,90.0,0,0,0,snow
33878,9,6,5,1,0,0.7071067811865476,-0.7071067811865475,-0.7818314824680299,0.6234898018587334,9.270000000000039,0.0,0.0,90.0,0,0,0,drizzle
34672,6,1,6,0,0,1.0,6.123233995736766e-17,0.7818314824680298,0.6234898018587336,15.57000000000005,0.0,0.0,90.0,0,0,0,rain
35799,22,6,7,1,0,-0.5000000000000004,0.8660254037844384,-0.7818314824680299,0.6234898018587334,22.220000000000027,0.0,0.0,75.0,0,0,0,clouds
39503,11,1,12,0,0,0.258819045102521,-0.9659258262890682,0.7818314824680298,0.6234898018587336,-8.199999999999989,0.0,0.0,90.0,0,0,1,haze
36935,13,2,9,0,0,-0.2588190451025208,-0.9659258262890683,0.9749279121818236,-0.22252093395631434,17.220000000000027,0.0,0.0,75.0,0,0,0,clouds
37761,6,4,10,0,0,1.0,6.123233995736766e-17,-0.433883739117558,-0.9009688679024191,8.430000000000007,0.0,0.0,20.0,0,0,1,mist
34600,14,5,6,1,0,-0.4999999999999997,-0.8660254037844388,-0.9749279121818236,-0.2225209339563146,26.80000000000001,0.0,0.0,40.0,0,0,0,clouds
34073,12,6,5,1,0,1.2246467991473532e-16,-1.0,-0.7818314824680299,0.6234898018587334,18.470000000000027,0.0,0.0,75.0,0,0,0,clouds
37974,6,4,10,0,0,1.0,6.123233995736766e-17,-0.433883739117558,-0.9009688679024191,9.0,0.0,0.0,1.0,0,0,0,clear
38363,5,4,10,0,0,0.9659258262890683,0.25881904510252074,-0.433883739117558,-0.9009688679024191,1.5,0.0,0.0,90.0,0,0,0,drizzle
36037,4,1,8,0,0,0.8660254037844386,0.5000000000000001,0.7818314824680298,0.6234898018587336,14.640000000000043,0.0,0.0,1.0,0,0,0,clear
40719,10,2,1,0,0,0.49999999999999994,-0.8660254037844387,0.9749279121818236,-0.22252093395631434,-12.439999999999998,0.0,0.0,75.0,0,0,0,clouds
35385,4,0,7,0,0,0.8660254037844386,0.5000000000000001,0.0,1.0,18.74000000000001,0.0,0.0,1.0,0,0,0,clear
40426,14,0,1,0,0,-0.4999999999999997,-0.8660254037844388,0.0,1.0,1.4300000000000068,0.0,0.0,1.0,0,0,0,clear
33584,18,5,5,1,0,-1.0,-1.8369701987210297e-16,-0.9749279121818236,-0.2225209339563146,26.27000000000004,0.0,0.0,5.0,0,0,1,haze
34035,22,4,5,0,0,-0.5000000000000004,0.8660254037844384,-0.433883739117558,-0.9009688679024191,19.439999999999998,0.0,0.0,1.0,0,0,0,clear
38056,19,6,10,1,0,-0.9659258262890684,0.2588190451025203,-0.7818314824680299,0.6234898018587334,9.29000000000002,0.0,0.0,90.0,0,0,0,drizzle
39858,21,6,12,1,0,-0.7071067811865477,0.7071067811865474,-0.7818314824680299,0.6234898018587334,-3.069999999999993,0.0,0.0,90.0,0,0,1,mist
40053,9,0,12,0,1,0.7071067811865476,-0.7071067811865475,0.0,1.0,-19.289999999999964,0.0,0.0,20.0,0,0,1,haze
36988,15,4,9,0,0,-0.7071067811865471,-0.7071067811865479,-0.433883739117558,-0.9009688679024191,19.129999999999995,0.0,0.0,1.0,0,0,0,clear
34949,2,4,6,0,0,0.49999999999999994,0.8660254037844387,-0.433883739117558,-0.9009688679024191,18.400000000000034,0.0,0.0,1.0,0,0,0,rain
40160,22,3,12,0,0,-0.5000000000000004,0.8660254037844384,0.43388373911755823,-0.900968867902419,-13.149999999999977,0.0,0.0,90.0,0,0,1,mist
37755,3,4,10,0,0,0.7071067811865476,0.7071067811865476,-0.433883739117558,-0.9009688679024191,10.360000000000014,0.0,0.0,1.0,0,0,1,fog
38541,17,2,11,0,0,-0.9659258262890683,-0.25881904510252063,0.9749279121818236,-0.22252093395631434,1.0,0.0,0.0,90.0,0,0,0,drizzle
34535,22,2,6,0,0,-0.5000000000000004,0.8660254037844384,0.9749279121818236,-0.22252093395631434,23.260000000000048,0.0,0.0,40.0,0,0,0,clouds
39931,14,2,12,0,0,-0.4999999999999997,-0.8660254037844388,0.9749279121818236,-0.22252093395631434,-7.849999999999966,0.0,0.0,90.0,0,0,1,haze
34650,9,0,6,0,0,0.7071067811865476,-0.7071067811865475,0.0,1.0,17.470000000000027,0.0,0.0,40.0,0,0,0,clouds
39987,20,4,12,0,0,-0.8660254037844386,0.5000000000000001,-0.433883739117558,-0.9009688679024191,-5.71999999999997,0.0,0.0,90.0,0,0,0,clouds
36592,22,4,8,0,0,-0.5000000000000004,0.8660254037844384,-0.433883739117558,-0.9009688679024191,18.140000000000043,0.0,0.0,90.0,0,0,0,drizzle
37122,16,2,9,0,0,-0.8660254037844385,-0.5000000000000004,0.9749279121818236,-0.22252093395631434,29.670000000000016,0.0,0.0,75.0,0,0,0,clouds
37036,15,6,9,1,0,-0.7071067811865471,-0.7071067811865479,-0.7818314824680299,0.6234898018587334,25.0,0.0,0.0,1.0,0,0,0,clear
