feature,mean_absolute_SHAP
numeric__hour_cos,1414.7603228069454
numeric__hour,420.6931225488904
numeric__hour_sin,195.0313755000038
numeric__is_weekend,173.2793387634564
numeric__day_of_week,151.29927060551088
numeric__dow_sin,91.44690420382922
numeric__temp_c,75.61412188895294
numeric__month,58.22205042545212
numeric__dow_cos,56.726500569065145
numeric__is_holiday,45.058528048403176
numeric__clouds_all,22.456513195317154
categorical__weather_main_clouds,7.302210404058531
numeric__rain_1h,5.826925209201918
numeric__is_low_visibility,3.248075608526731
categorical__weather_main_clear,3.10730331351982
categorical__weather_main_snow,3.0519745019238793
categorical__weather_main_mist,2.603329636319475
categorical__weather_main_rain,1.649782532473397
numeric__is_raining,0.7758090323641871
categorical__weather_main_haze,0.5960282765852833
categorical__weather_main_drizzle,0.5483637994137435
categorical__weather_main_thunderstorm,0.35577903095521957
categorical__weather_main_fog,0.2937315589712949
numeric__is_snowing,0.14799439267446382
numeric__snow_1h,0.13313565997458787
categorical__weather_main_smoke,0.0
categorical__weather_main_squall,0.0
