day_type,weather_main,hour,average_traffic,observed_hours
Weekday,clear,0,658.1052631578947,323
Weekday,clear,1,402.40531561461796,301
Weekday,clear,2,305.38305084745764,295
Weekday,clear,3,362.65724381625444,283
Weekday,clear,4,828.2218309859155,284
Weekday,clear,5,2706.892720306513,261
Weekday,clear,6,5502.19391634981,263
Weekday,clear,7,6062.716279069768,215
Weekday,clear,8,5588.433962264151,212
Weekday,clear,9,4971.314655172414,232
Weekday,clear,10,4472.419087136929,241
Weekday,clear,11,4740.147410358566,251
Weekday,clear,12,4964.495867768595,242
Weekday,clear,13,4971.142259414226,239
Weekday,clear,14,5290.497716894977,219
Weekday,clear,15,5657.418918918919,222
Weekday,clear,16,6255.135021097047,237
Weekday,clear,17,5865.809954751131,221
Weekday,clear,18,4515.2610441767065,249
Weekday,clear,19,3385.7045454545455,264
Weekday,clear,20,2893.6621160409554,293
Weekday,clear,21,2733.2129032258063,310
Weekday,clear,22,2190.6746987951806,332
Weekday,clear,23,1390.2119402985074,335
Weekday,clouds,0,646.2760942760942,297
Weekday,clouds,1,397.9551724137931,290
Weekday,clouds,2,301.61565836298934,281
Weekday,clouds,3,357.2480620155039,258
Weekday,clouds,4,794.5384615384615,273
Weekday,clouds,5,2587.7490909090907,275
Weekday,clouds,6,5252.064748201439,278
Weekday,clouds,7,6062.363934426229,305
Weekday,clouds,8,5475.075301204819,332
Weekday,clouds,9,4855.198738170347,317
Weekday,clouds,10,4374.297994269341,349
Weekday,clouds,11,4642.718934911242,338
Weekday,clouds,12,4870.380165289256,363
Weekday,clouds,13,4874.735135135135,370
Weekday,clouds,14,5208.451306413302,421
Weekday,clouds,15,5631.141089108911,404
Weekday,clouds,16,6209.410926365796,421
Weekday,clouds,17,5840.35516372796,397
Weekday,clouds,18,4517.3026315789475,380
Weekday,clouds,19,3306.4945355191257,366
Weekday,clouds,20,2851.2734806629833,362
Weekday,clouds,21,2675.962962962963,324
Weekday,clouds,22,2111.529220779221,308
Weekday,clouds,23,1414.6279069767443,301
Weekday,drizzle,0,684.2325581395348,43
Weekday,drizzle,1,373.0,37
Weekday,drizzle,2,282.05128205128204,39
Weekday,drizzle,3,356.1212121212121,33
Weekday,drizzle,4,842.1025641025641,39
Weekday,drizzle,5,2730.09375,32
Weekday,drizzle,6,5537.409090909091,44
Weekday,drizzle,7,6214.59375,32
Weekday,drizzle,8,5657.880952380952,42
Weekday,drizzle,9,5065.628571428571,35
Weekday,drizzle,10,4468.2,35
Weekday,drizzle,11,4706.892857142857,28
Weekday,drizzle,12,4811.064516129032,31
Weekday,drizzle,13,4857.260869565217,23
Weekday,drizzle,14,5191.791666666667,24
Weekday,drizzle,15,5635.633333333333,30
Weekday,drizzle,16,6209.764705882353,34
Weekday,drizzle,17,5864.5,30
Weekday,drizzle,18,4388.384615384615,39
Weekday,drizzle,19,3201.4166666666665,36
Weekday,drizzle,20,2707.6111111111113,36
Weekday,drizzle,21,2529.6341463414633,41
Weekday,drizzle,22,1939.4545454545455,44
Weekday,drizzle,23,1240.1555555555556,45
Weekday,fog,0,609.7368421052631,19
Weekday,fog,1,378.8333333333333,18
Weekday,fog,2,315.4782608695652,23
Weekday,fog,3,353.5925925925926,27
Weekday,fog,4,835.8965517241379,29
Weekday,fog,5,2686.3225806451615,31
Weekday,fog,6,5407.375,40
Weekday,fog,7,6008.128205128205,39
Weekday,fog,8,5676.178571428572,28
Weekday,fog,9,4779.56,25
Weekday,fog,10,4206.5,16
Weekday,fog,11,4250.0,8
Weekday,fog,12,4715.166666666667,6
Weekday,fog,13,4629.625,8
Weekday,fog,14,4582.428571428572,7
Weekday,fog,15,4745.857142857143,7
Weekday,fog,16,5127.0,6
Weekday,fog,17,4519.0,6
Weekday,fog,18,4156.0,5
Weekday,fog,19,2668.8571428571427,7
Weekday,fog,20,2892.75,4
Weekday,fog,21,2226.25,4
Weekday,fog,22,2290.8888888888887,9
Weekday,fog,23,1208.4444444444443,9
Weekday,haze,0,699.7777777777778,18
Weekday,haze,1,385.6470588235294,17
Weekday,haze,2,319.6111111111111,18
Weekday,haze,3,399.0,17
Weekday,haze,4,828.0833333333334,24
Weekday,haze,5,2509.823529411765,17
Weekday,haze,6,5151.9473684210525,19
Weekday,haze,7,5945.64705882353,17
Weekday,haze,8,5314.178571428572,28
Weekday,haze,9,4592.828571428571,35
Weekday,haze,10,4295.209302325581,43
Weekday,haze,11,4630.98,50
Weekday,haze,12,4822.931818181818,44
Weekday,haze,13,4832.96,50
Weekday,haze,14,5157.16,50
Weekday,haze,15,5446.4857142857145,35
Weekday,haze,16,6192.7,30
Weekday,haze,17,5801.461538461538,26
Weekday,haze,18,4391.354838709677,31
Weekday,haze,19,3259.2916666666665,24
Weekday,haze,20,2833.45,20
Weekday,haze,21,2809.4761904761904,21
Weekday,haze,22,2159.9411764705883,17
Weekday,haze,23,1288.6315789473683,19
Weekday,mist,0,629.9285714285714,140
Weekday,mist,1,383.1095890410959,146
Weekday,mist,2,296.0993377483444,151
Weekday,mist,3,359.5121951219512,164
Weekday,mist,4,823.5,180
Weekday,mist,5,2646.663101604278,187
Weekday,mist,6,5324.311827956989,186
Weekday,mist,7,6047.557213930349,201
Weekday,mist,8,5533.989637305699,193
Weekday,mist,9,4872.4078947368425,152
Weekday,mist,10,4323.514084507042,142
Weekday,mist,11,4565.715789473684,95
Weekday,mist,12,4739.311827956989,93
Weekday,mist,13,4681.359375,64
Weekday,mist,14,5069.276315789473,76
Weekday,mist,15,5474.126984126984,63
Weekday,mist,16,5950.434782608696,69
Weekday,mist,17,5626.523076923077,65
Weekday,mist,18,4188.885714285714,70
Weekday,mist,19,3037.5945945945946,74
Weekday,mist,20,2615.6710526315787,76
Weekday,mist,21,2547.694736842105,95
Weekday,mist,22,2008.9247311827958,93
Weekday,mist,23,1242.1937984496124,129
Weekday,rain,0,646.4464285714286,112
Weekday,rain,1,390.25,108
Weekday,rain,2,295.8211382113821,123
Weekday,rain,3,365.921875,128
Weekday,rain,4,833.2017543859649,114
Weekday,rain,5,2721.2727272727275,110
Weekday,rain,6,5452.408333333334,120
Weekday,rain,7,6117.778761061947,113
Weekday,rain,8,5599.009259259259,108
Weekday,rain,9,4968.615384615385,104
Weekday,rain,10,4387.747663551402,107
Weekday,rain,11,4649.621848739495,119
Weekday,rain,12,4869.82905982906,117
Weekday,rain,13,4880.189189189189,111
Weekday,rain,14,5195.454545454545,110
Weekday,rain,15,5595.141592920354,113
Weekday,rain,16,6160.636363636364,121
Weekday,rain,17,5841.076923076923,130
Weekday,rain,18,4395.06015037594,133
Weekday,rain,19,3221.257575757576,132
Weekday,rain,20,2752.3333333333335,117
Weekday,rain,21,2569.976,125
Weekday,rain,22,1990.5775862068965,116
Weekday,rain,23,1315.094017094017,117
Weekday,smoke,13,4307.0,1
Weekday,smoke,14,4888.0,1
Weekday,smoke,15,5205.0,1
Weekday,smoke,16,6006.0,1
Weekday,smoke,17,5861.0,1
Weekday,smoke,18,4264.0,1
Weekday,smoke,19,3040.0,1
Weekday,smoke,20,2561.0,1
Weekday,snow,0,631.2539682539683,63
Weekday,snow,1,387.57971014492756,69
Weekday,snow,2,312.2142857142857,70
Weekday,snow,3,359.04285714285714,70
Weekday,snow,4,803.5652173913044,69
Weekday,snow,5,2461.5593220338983,59
Weekday,snow,6,4974.451612903225,62
Weekday,snow,7,5510.258064516129,62
Weekday,snow,8,4892.0298507462685,67
Weekday,snow,9,4544.028571428571,70
Weekday,snow,10,4121.695121951219,82
Weekday,snow,11,4383.058823529412,68
Weekday,snow,12,4619.066666666667,75
Weekday,snow,13,4638.406779661017,59
Weekday,snow,14,4797.517857142857,56
Weekday,snow,15,5316.0161290322585,62
Weekday,snow,16,5639.5,54
Weekday,snow,17,5258.673913043478,46
Weekday,snow,18,4117.185185185185,54
Weekday,snow,19,3011.901960784314,51
Weekday,snow,20,2597.181818181818,55
Weekday,snow,21,2453.3859649122805,57
Weekday,snow,22,2027.0714285714287,56
Weekday,snow,23,1253.6290322580646,62
Weekday,squall,14,4211.0,1
Weekday,squall,20,3216.0,1
Weekday,thunderstorm,0,642.9285714285714,14
Weekday,thunderstorm,1,394.0,16
Weekday,thunderstorm,2,319.92857142857144,14
Weekday,thunderstorm,3,358.875,16
Weekday,thunderstorm,4,841.45,20
Weekday,thunderstorm,5,2752.705882352941,17
Weekday,thunderstorm,6,5428.642857142857,14
Weekday,thunderstorm,7,5940.3125,16
Weekday,thunderstorm,8,5696.375,16
Weekday,thunderstorm,9,4987.666666666667,9
Weekday,thunderstorm,10,4430.733333333334,15
Weekday,thunderstorm,11,4391.25,8
Weekday,thunderstorm,12,4903.181818181818,11
Weekday,thunderstorm,13,4578.875,8
Weekday,thunderstorm,14,5181.615384615385,13
Weekday,thunderstorm,15,5556.9,10
Weekday,thunderstorm,16,5971.428571428572,7
Weekday,thunderstorm,17,5820.307692307692,13
Weekday,thunderstorm,18,4228.8125,16
Weekday,thunderstorm,19,3211.6111111111113,18
Weekday,thunderstorm,20,2747.157894736842,19
Weekday,thunderstorm,21,2466.0714285714284,14
Weekday,thunderstorm,22,1840.0,15
Weekday,thunderstorm,23,1298.8,15
Weekend,clear,0,1336.474820143885,139
Weekend,clear,1,827.774834437086,151
Weekend,clear,2,634.077519379845,129
Weekend,clear,3,402.4201680672269,119
Weekend,clear,4,379.55970149253733,134
Weekend,clear,5,634.952,125
Weekend,clear,6,1104.6379310344828,116
Weekend,clear,7,1635.1603773584907,106
Weekend,clear,8,2390.5169491525426,118
Weekend,clear,9,3081.847619047619,105
Weekend,clear,10,3760.186046511628,129
Weekend,clear,11,4009.4174757281553,103
Weekend,clear,12,4385.83962264151,106
Weekend,clear,13,4352.1875,96
Weekend,clear,14,4340.627659574468,94
Weekend,clear,15,4380.606060606061,99
Weekend,clear,16,4421.714285714285,98
Weekend,clear,17,4201.957894736842,95
Weekend,clear,18,3821.2477064220184,109
Weekend,clear,19,3288.1101694915255,118
Weekend,clear,20,2883.0403225806454,124
Weekend,clear,21,2677.8492063492063,126
Weekend,clear,22,2390.3093525179856,139
Weekend,clear,23,1720.7894736842106,133
Weekend,clouds,0,1268.018691588785,107
Weekend,clouds,1,808.0294117647059,102
Weekend,clouds,2,620.049504950495,101
Weekend,clouds,3,403.81632653061223,98
Weekend,clouds,4,381.2079207920792,101
Weekend,clouds,5,652.8558558558559,111
Weekend,clouds,6,1103.04,100
Weekend,clouds,7,1630.2100840336134,119
Weekend,clouds,8,2369.2991452991455,117
Weekend,clouds,9,3165.0819672131147,122
Weekend,clouds,10,3696.9212598425197,127
Weekend,clouds,11,4078.306569343066,137
Weekend,clouds,12,4410.50641025641,156
Weekend,clouds,13,4411.360946745562,169
Weekend,clouds,14,4381.34705882353,170
Weekend,clouds,15,4362.333333333333,156
Weekend,clouds,16,4360.585987261146,157
Weekend,clouds,17,4175.123456790124,162
Weekend,clouds,18,3886.0753424657532,146
Weekend,clouds,19,3230.804347826087,138
Weekend,clouds,20,2737.097902097902,143
Weekend,clouds,21,2668.3488372093025,129
Weekend,clouds,22,2417.264,125
Weekend,clouds,23,1625.452380952381,126
Weekend,drizzle,0,1171.7142857142858,14
Weekend,drizzle,1,797.2941176470588,17
Weekend,drizzle,2,583.6363636363636,11
Weekend,drizzle,3,343.3636363636364,11
Weekend,drizzle,4,324.92857142857144,14
Weekend,drizzle,5,604.3,10
Weekend,drizzle,6,1035.4444444444443,18
Weekend,drizzle,7,1376.0,19
Weekend,drizzle,8,2300.8333333333335,12
Weekend,drizzle,9,3364.3076923076924,13
Weekend,drizzle,10,3652.2,10
Weekend,drizzle,11,4135.5,14
Weekend,drizzle,12,4343.0,14
Weekend,drizzle,13,4486.090909090909,11
Weekend,drizzle,14,4527.2,10
Weekend,drizzle,15,4454.538461538462,13
Weekend,drizzle,16,4455.666666666667,9
Weekend,drizzle,17,4278.555555555556,18
Weekend,drizzle,18,3644.4545454545455,11
Weekend,drizzle,19,3065.5,12
Weekend,drizzle,20,2848.7272727272725,11
Weekend,drizzle,21,2590.1875,16
Weekend,drizzle,22,2168.6923076923076,13
Weekend,drizzle,23,1888.75,8
Weekend,fog,0,1183.888888888889,9
Weekend,fog,1,738.8,10
Weekend,fog,2,578.0,11
Weekend,fog,3,400.93333333333334,15
Weekend,fog,4,380.625,16
Weekend,fog,5,615.5555555555555,18
Weekend,fog,6,1063.8235294117646,17
Weekend,fog,7,1564.0,16
Weekend,fog,8,2221.0666666666666,15
Weekend,fog,9,2778.1666666666665,6
Weekend,fog,10,3292.8333333333335,6
Weekend,fog,11,3772.0,3
Weekend,fog,12,4223.0,2
Weekend,fog,13,2108.5,2
Weekend,fog,14,5084.5,2
Weekend,fog,15,4529.0,2
Weekend,fog,16,3944.6666666666665,3
Weekend,fog,17,3687.5,4
Weekend,fog,18,3504.0,2
Weekend,fog,19,2801.6666666666665,3
Weekend,fog,20,2557.6666666666665,3
Weekend,fog,21,2498.5714285714284,7
Weekend,fog,22,2565.3333333333335,6
Weekend,fog,23,1841.5,8
Weekend,haze,0,1384.0,7
Weekend,haze,1,861.875,8
Weekend,haze,2,675.4444444444445,9
Weekend,haze,3,380.6666666666667,9
Weekend,haze,4,363.4,5
Weekend,haze,5,630.25,4
Weekend,haze,6,1143.0,5
Weekend,haze,7,1561.3,10
Weekend,haze,8,2210.181818181818,11
Weekend,haze,9,2913.9333333333334,15
Weekend,haze,10,3058.0,12
Weekend,haze,11,3481.9285714285716,14
Weekend,haze,12,4161.4,15
Weekend,haze,13,3928.9,10
Weekend,haze,14,4037.3333333333335,15
Weekend,haze,15,4137.0,14
Weekend,haze,16,3973.133333333333,15
Weekend,haze,17,3687.4,10
Weekend,haze,18,3759.375,8
Weekend,haze,19,2885.6,5
Weekend,haze,20,2707.3333333333335,6
Weekend,haze,21,2028.0,5
Weekend,haze,22,1722.5,6
Weekend,haze,23,1467.5714285714287,7
Weekend,mist,0,1192.7708333333333,48
Weekend,mist,1,769.9642857142857,56
Weekend,mist,2,584.1754385964912,57
Weekend,mist,3,375.1333333333333,60
Weekend,mist,4,370.6031746031746,63
Weekend,mist,5,629.7702702702703,74
Weekend,mist,6,1028.4871794871794,78
Weekend,mist,7,1486.4935064935064,77
Weekend,mist,8,2120.765625,64
Weekend,mist,9,2975.396226415094,53
Weekend,mist,10,3502.021276595745,47
Weekend,mist,11,3972.911111111111,45
Weekend,mist,12,4167.451612903225,31
Weekend,mist,13,4238.884615384615,26
Weekend,mist,14,4222.791666666667,24
Weekend,mist,15,4224.666666666667,27
Weekend,mist,16,4067.3225806451615,31
Weekend,mist,17,3816.2,30
Weekend,mist,18,3507.2758620689656,29
Weekend,mist,19,2885.529411764706,34
Weekend,mist,20,2559.40625,32
Weekend,mist,21,2395.2727272727275,33
Weekend,mist,22,2290.4,40
Weekend,mist,23,1633.75,48
Weekend,rain,0,1304.0,43
Weekend,rain,1,813.3846153846154,39
Weekend,rain,2,631.875,40
Weekend,rain,3,393.0425531914894,47
Weekend,rain,4,337.7105263157895,38
Weekend,rain,5,617.4,40
Weekend,rain,6,1016.1590909090909,44
Weekend,rain,7,1514.439024390244,41
Weekend,rain,8,2245.153846153846,39
Weekend,rain,9,3020.972972972973,37
Weekend,rain,10,3680.5128205128203,39
Weekend,rain,11,4058.5833333333335,36
Weekend,rain,12,4197.4857142857145,35
Weekend,rain,13,4373.075,40
Weekend,rain,14,4298.25,40
Weekend,rain,15,4295.307692307692,39
Weekend,rain,16,4316.75,48
Weekend,rain,17,4161.065217391304,46
Weekend,rain,18,3695.0232558139537,43
Weekend,rain,19,3203.5714285714284,42
Weekend,rain,20,2779.125,40
Weekend,rain,21,2691.0238095238096,42
Weekend,rain,22,2286.153846153846,39
Weekend,rain,23,1656.4186046511627,43
Weekend,smoke,1,890.0,1
Weekend,smoke,2,630.0,1
Weekend,smoke,3,420.0,1
Weekend,smoke,4,367.0,1
Weekend,smoke,5,723.0,1
Weekend,smoke,6,1347.0,1
Weekend,smoke,7,2182.0,1
Weekend,smoke,8,3139.0,1
Weekend,smoke,9,4085.0,1
Weekend,snow,0,1064.7222222222222,18
Weekend,snow,1,676.4736842105264,19
Weekend,snow,2,561.5833333333334,24
Weekend,snow,3,363.0869565217391,23
Weekend,snow,4,333.14285714285717,28
Weekend,snow,5,531.3333333333334,21
Weekend,snow,6,948.12,25
Weekend,snow,7,1447.0,24
Weekend,snow,8,2123.8,30
Weekend,snow,9,2938.1923076923076,26
Weekend,snow,10,3464.625,24
Weekend,snow,11,3878.7619047619046,21
Weekend,snow,12,4274.315789473684,19
Weekend,snow,13,4356.333333333333,18
Weekend,snow,14,4285.0,17
Weekend,snow,15,4192.166666666667,18
Weekend,snow,16,4064.764705882353,17
Weekend,snow,17,3847.176470588235,17
Weekend,snow,18,3446.3125,16
Weekend,snow,19,2823.0,16
Weekend,snow,20,2489.875,16
Weekend,snow,21,2483.6111111111113,18
Weekend,snow,22,2391.9444444444443,18
Weekend,snow,23,1412.7222222222222,18
Weekend,squall,2,420.0,1
Weekend,squall,4,400.0,1
Weekend,thunderstorm,0,1430.8,5
Weekend,thunderstorm,1,786.5555555555555,9
Weekend,thunderstorm,2,569.7,10
Weekend,thunderstorm,3,352.22222222222223,9
Weekend,thunderstorm,4,375.0833333333333,12
Weekend,thunderstorm,5,628.6,15
Weekend,thunderstorm,6,1116.6,10
Weekend,thunderstorm,7,1723.0,9
Weekend,thunderstorm,8,2478.4285714285716,7
Weekend,thunderstorm,9,3114.4,5
Weekend,thunderstorm,10,2362.6666666666665,3
Weekend,thunderstorm,11,2699.0,3
Weekend,thunderstorm,12,2367.0,2
Weekend,thunderstorm,13,3112.3333333333335,3
Weekend,thunderstorm,14,3215.0,4
Weekend,thunderstorm,15,3627.5,6
Weekend,thunderstorm,16,4263.333333333333,6
Weekend,thunderstorm,17,4137.0,6
Weekend,thunderstorm,18,3878.875,8
Weekend,thunderstorm,19,3274.5,8
Weekend,thunderstorm,20,2849.2727272727275,11
Weekend,thunderstorm,21,2371.5,10
Weekend,thunderstorm,22,1968.2857142857142,7
Weekend,thunderstorm,23,1489.8,5
